,ma7,ma21,sma200,rsi,macd,bollinger_upper,bollinger_lower,stochastic_oscillator,atr,return_1d,return_5d,return_21d,volatility_21d,price_to_sma200,rsi_slope,ma_spread,volume_ratio,atr_ratio,vix_close,vix_ma5,vix_change_1d,mean_sentiment_score,positive,negative,neutral,Close_FFD
2023-05-04 00:00:00+00:00,0.0,0.0,0.0,0.0,0.0,0.0,0.0,0.0,0.0,0.0,0.0,0.0,0.0,0.0,0.0,0.0,1.0,0.0,18.34,17.002,0.031496033,0.0,0.0,0.0,0.0,0.0
2023-05-05 00:00:00+00:00,0.0,0.0,0.0,0.0,0.0,0.0,0.0,0.0,0.0,0.0,0.0,0.0,0.0,0.0,0.0,0.0,1.0,0.0,20.09,17.614,0.09541985,0.0,0.0,0.0,0.0,0.0
2023-05-08 00:00:00+00:00,0.0,0.0,0.0,0.0,-0.031908803,0.0,0.0,0.0,0.0,-0.014869874,0.0,0.0,0.0,0.0,0.0,0.0,1.0,0.0,17.19,17.896,-0.14435041,0.0,0.0,0.0,0.0,0.0
2023-05-09 00:00:00+00:00,0.0,0.0,0.0,0.0,-0.055747204,0.0,0.0,0.0,0.0,0.00037736713,0.0,0.0,0.0,0.0,0.0,0.0,1.0,0.0,16.98,18.076,-0.012216462,0.0,0.0,0.0,0.0,0.0
2023-05-10 00:00:00+00:00,0.0,0.0,0.0,0.0,-0.09213626,0.0,0.0,0.0,0.0,-0.008675954,0.0,0.0,0.0,0.0,0.0,0.0,1.0,0.0,17.71,18.062,0.042991728,0.0,0.0,0.0,0.0,0.0
2023-05-11 00:00:00+00:00,0.0,0.0,0.0,0.0,-0.12198944,0.0,0.0,0.0,0.0,-0.0011415787,0.0,0.0,0.0,0.0,0.0,0.0,1.0,0.0,16.94,17.782,-0.04347818,0.0,0.0,0.0,0.0,0.0
2023-05-12 00:00:00+00:00,0.0,0.0,0.0,0.0,-0.1639315,0.0,0.0,0.0,0.0,-0.00952381,-0.033457235,0.0,0.0,0.0,0.0,0.0,1.0,0.0,16.93,17.15,-0.00059033226,0.0,0.0,0.0,0.0,0.0
2023-05-15 00:00:00+00:00,26.42,0.0,0.0,0.0,-0.1550379,0.0,0.0,0.0,0.0,0.01923077,0.0,0.0,0.0,0.0,0.0,0.0,1.0,0.0,17.03,17.118,0.005906697,0.0,0.0,0.0,0.0,0.0
2023-05-16 00:00:00+00:00,26.505714,0.0,0.0,0.0,-0.06653107,0.0,0.0,0.0,0.0,0.03773585,0.03734439,0.0,0.0,0.0,0.0,0.0,1.0,0.0,17.12,17.146,0.0052848,0.0,0.0,0.0,0.0,0.0
2023-05-17 00:00:00+00:00,26.581429,0.0,0.0,0.0,-0.03392275,0.0,0.0,0.0,0.0,-0.017090885,0.028538812,0.0,0.0,0.0,0.0,0.0,1.0,0.0,17.99,17.202,0.05081769,0.0,0.0,0.0,0.0,0.0
2023-05-18 00:00:00+00:00,26.682858,0.0,0.0,0.0,0.007168248,0.0,0.0,0.0,0.0,0.0070291758,0.036952354,0.0,0.0,0.0,0.0,0.0,1.0,0.0,16.87,17.188,-0.06225675,0.0,0.0,0.0,0.0,0.0
2023-05-19 00:00:00+00:00,26.79143,0.0,0.0,0.0,0.024921512,0.0,0.0,0.0,0.0,-0.006612726,0.040000036,0.0,0.0,0.0,0.0,0.0,1.0,0.0,16.05,17.012001,-0.04860709,0.0,0.0,0.0,0.0,0.0
2023-05-22 00:00:00+00:00,26.931429,0.0,0.0,0.0,0.053703345,0.0,0.0,0.0,0.0,0.007026576,0.027547153,0.0,0.0,0.0,0.0,0.0,1.0,0.0,16.81,16.968,0.047352042,0.0,0.0,0.0,0.0,0.0
2023-05-23 00:00:00+00:00,26.94143,0.0,0.0,40.99782,-0.016894389,0.0,0.0,0.0,0.0,-0.04260007,-0.052000012,0.0,0.0,0.0,0.0,0.0,1.0,0.0,17.21,16.986,0.023795338,0.0,0.0,0.0,0.0,0.0
2023-05-24 00:00:00+00:00,26.87,0.0,0.0,40.38461,-0.0775975,0.0,0.0,29.469547,0.8845719,-0.002685067,-0.038105834,0.0,0.0,0.0,0.0,0.0,1.0,0.03402198,18.53,17.094,0.07669969,0.0,0.0,0.0,0.0,0.0
2023-05-25 00:00:00+00:00,26.72,0.0,0.0,45.61404,-0.088375114,0.0,0.0,32.24187,0.8102861,0.017307721,-0.028287971,0.0,0.0,0.0,0.0,0.0,1.0,0.030634623,20.03,17.726,0.080949806,0.0,0.0,0.0,0.0,0.0
2023-05-26 00:00:00+00:00,26.62,0.0,0.0,48.24742,-0.10538471,0.0,0.0,26.19649,0.8045717,-0.0045368937,-0.026257433,0.0,0.0,0.0,7.249599,0.0,1.0,0.030557211,19.14,18.344,-0.044433415,0.0,0.0,0.0,0.0,0.0
2023-05-30 00:00:00+00:00,26.488571,0.0,0.0,47.84393,-0.119903564,0.0,0.0,24.68512,0.7538573,-0.0011394108,-0.034153517,0.0,0.0,0.0,7.4593225,0.0,1.0,0.028663768,17.95,18.720001,0.0,0.0,0.0,0.0,0.0,0.0
2023-05-31 00:00:00+00:00,26.301428,0.0,0.0,44.721676,-0.17538238,0.0,0.0,22.514078,0.7967145,-0.021672992,-0.013041817,0.0,0.0,0.0,-0.89236706,0.0,1.0,0.030964408,17.46,18.506,-0.027298143,0.0,0.0,0.0,0.0,0.0
2023-06-01 00:00:00+00:00,25.995714,0.0,0.0,40.03436,-0.2679041,0.0,0.0,3.5650756,0.7952859,-0.024873665,-0.034999993,0.0,0.0,0.0,-8.213062,0.0,1.0,0.031697314,17.94,18.088,0.027491493,0.0,0.0,0.0,0.0,0.0
2023-06-02 00:00:00+00:00,25.882856,0.0,0.0,43.750004,-0.32218286,0.0,0.0,17.405605,0.83528584,0.0075727594,-0.044234406,0.0,0.0,0.0,-4.093929,0.0,0.7043245,0.033041358,15.65,17.39,-0.12764776,0.0,0.0,0.0,0.0,0.0
2023-06-05 00:00:00+00:00,25.818571,26.369524,0.0,41.410473,-0.339499,27.655252,25.083796,26.272552,0.83600014,0.010680323,-0.02962403,0.0,0.0,0.0,-3.3112016,-0.020893523,0.47652754,0.032720152,14.6,16.72,-0.067092605,0.0,0.0,0.0,0.0,0.0
2023-06-06 00:00:00+00:00,25.632856,26.28619,0.0,26.166298,-0.38110566,27.651876,24.920504,13.245018,0.8106431,-0.015655562,-0.04372622,-0.065055765,0.017420586,0.0,-13.86806,-0.024854623,1.0387574,0.032232314,14.73,16.076,0.008904052,0.0,0.0,0.0,0.0,0.0
2023-06-07 00:00:00+00:00,25.467142,26.222857,0.0,29.241045,-0.40776488,27.667948,24.777767,14.237287,0.78992873,0.00079524686,-0.021764457,-0.050188676,0.017223572,0.0,-14.508957,-0.028818913,0.30504212,0.031383727,13.96,15.376,-0.05227424,0.0,0.0,0.0,0.0,0.0
2023-06-08 00:00:00+00:00,25.292856,26.154762,0.0,25.570768,-0.43118438,27.675797,24.633728,12.313429,0.73600006,-0.0035756915,-0.00039857428,-0.05394192,0.017214363,0.0,-15.839705,-0.03295402,0.39119676,0.029346084,13.94,14.576,-0.0014326975,0.0,0.0,0.0,0.0,0.0
2023-06-09 00:00:00+00:00,25.204287,26.099047,0.0,27.186754,-0.44222596,27.685137,24.512959,13.4328575,0.71457154,0.0011961997,-0.0067246864,-0.04452055,0.017171891,0.0,1.0204566,-0.034283303,0.71110904,0.028457636,13.65,14.176,-0.02080344,0.0,0.0,0.0,0.0,0.0
2023-06-12 00:00:00+00:00,25.205715,26.044285,0.0,23.703722,-0.44663492,27.686888,24.401684,13.059714,0.6960715,-0.00039825682,-0.01761248,-0.04380951,0.01717457,0.0,-5.5373235,-0.03219789,0.5172773,0.02773192,13.83,14.021999,0.013186836,0.0,0.0,0.0,0.0,0.0
2023-06-13 00:00:00+00:00,25.168571,25.99762,0.0,32.323254,-0.45138112,27.700098,24.29514,14.285743,0.6232143,-0.003187248,-0.005168953,-0.03769229,0.01709105,0.0,6.7524843,-0.031889353,0.75235885,0.024908636,15.01,14.078,0.085321784,0.0,0.0,0.0,0.0,0.0
2023-06-14 00:00:00+00:00,25.108572,25.93238,0.0,35.54816,-0.44118088,27.658833,24.205929,20.105782,0.60964286,0.0043964307,-0.0015892298,-0.051698145,0.016478803,0.0,8.361404,-0.031767588,0.6315278,0.024259556,14.61,14.208,-0.026648939,0.0,0.0,0.0,0.0,0.0
2023-06-15 00:00:00+00:00,25.135714,25.829523,0.0,29.963892,-0.41140932,27.415367,24.243681,31.21695,0.58678573,0.008356586,0.010366836,-0.07854545,0.01395537,0.0,6.2601695,-0.02686109,0.7633817,0.023156492,13.88,14.196,-0.049965747,0.0,0.0,0.0,0.0,0.0
2023-06-16 00:00:00+00:00,25.21857,25.768572,0.0,40.522877,-0.35068908,27.255962,24.281181,57.142857,0.58892864,0.016179947,0.025487829,-0.047354814,0.014255641,0.0,8.199623,-0.021343816,0.47120333,0.022871006,14.5,14.366,0.044668578,0.0,0.0,0.0,0.0,0.0
2023-06-20 00:00:00+00:00,25.385714,25.722382,0.0,49.291794,-0.2592337,27.074562,24.3702,85.71429,0.6125001,0.019417476,0.045816716,-0.03563554,0.014898871,0.0,13.743635,-0.013088463,0.7658207,0.023333326,13.54,14.014,0.0,0.0,0.0,0.0,0.0,0.0
2023-06-21 00:00:00+00:00,25.52143,25.675714,0.0,55.238094,-0.19978319,26.898344,24.453085,80.3681,0.54607135,-0.0072381156,0.041566707,-0.036242656,0.014909972,0.0,25.274204,-0.0060090106,0.4907516,0.02095438,13.88,13.868,0.025110794,0.0,0.0,0.0,0.0,0.0
2023-06-22 00:00:00+00:00,25.678572,25.626667,0.0,70.9434,-0.1397602,26.654545,24.59879,74.358986,0.5596428,0.0053722677,0.042578656,-0.037825882,0.014866147,0.0,30.42052,0.0020254194,1.2715232,0.021360403,13.2,13.732,-0.048991375,0.0,0.0,0.0,0.0,0.0
2023-06-23 00:00:00+00:00,25.897142,25.649525,0.0,72.59785,-0.06322083,26.738348,24.5607,92.30762,0.52471435,0.01335872,0.047750555,0.018411951,0.011891208,0.0,23.306047,0.009653934,0.40846407,0.019763244,12.91,13.414,-0.021969695,0.0,0.0,0.0,0.0,0.0
2023-06-26 00:00:00+00:00,26.09,25.67238,0.0,67.81609,-0.008117639,26.811115,24.533648,86.93466,0.50614274,-0.0026365235,0.028349496,0.018461522,0.011890473,0.0,12.577999,0.016267242,0.9940342,0.019114146,13.44,13.394,0.041053426,0.0,0.0,0.0,0.0,0.0
2023-06-27 00:00:00+00:00,26.205713,25.658094,0.0,69.685036,0.008822103,26.762877,24.553312,70.351746,0.48042843,-0.012462233,-0.0038095384,-0.011342198,0.011612759,0.0,-1.2583634,0.021342922,0.88642275,0.018372018,14.25,13.536,0.06026789,0.0,0.0,0.0,0.0,0.0
2023-06-28 00:00:00+00:00,26.225714,25.637142,0.0,62.949623,0.0012526844,26.70446,24.569826,57.286407,0.5139998,-0.009942647,-0.006523411,-0.016710997,0.011766117,0.0,-9.648218,0.022957748,0.9907951,0.01985321,13.74,13.507999,-0.03578949,0.0,0.0,0.0,0.0,0.0
2023-06-29 00:00:00+00:00,26.161428,25.613333,0.0,62.949623,-0.0118715465,26.640081,24.586584,52.763786,0.51435703,-0.0034762516,-0.015267233,-0.019011408,0.011781164,0.0,-4.866469,0.021398807,0.6683623,0.019936312,13.43,13.554,-0.022561824,0.0,0.0,0.0,0.0,0.0
2023-06-30 00:00:00+00:00,26.151428,25.625713,0.0,64.96597,-0.0068620373,26.66457,24.586859,62.311554,0.52578557,0.007364362,-0.021092258,0.010104945,0.010884593,0.0,-4.719063,0.02051509,0.551425,0.020230295,13.54,13.68,0.008190592,0.0,0.0,0.0,0.0,0.0
2023-07-03 00:00:00+00:00,26.182858,25.689047,0.0,69.64285,0.03144301,26.752605,24.62549,83.91961,0.5529285,0.016544838,-0.002265841,0.053009164,0.009742884,0.0,6.6932244,0.01922255,1.6762403,0.0209284,13.59,13.71,0.0036927762,0.0,0.0,0.0,0.0,0.0
2023-07-05 00:00:00+00:00,26.11,25.725239,0.0,63.934433,0.030782439,26.782038,24.668438,60.674236,0.57792854,-0.0143830115,-0.0042064516,0.0300633,0.010332386,0.0,0.9848083,0.014956583,2.896093,0.022193868,13.57,13.54,0.0,0.0,0.0,0.0,0.0,0.0
2023-07-06 00:00:00+00:00,25.998571,25.732382,0.0,57.326496,0.002791581,26.786228,24.678534,35.802486,0.60435706,-0.013056841,-0.007338688,0.0058709015,0.010569208,0.0,-7.639473,0.010344569,0.80510396,0.023515828,14.18,13.69,0.044952147,0.0,0.0,0.0,0.0,0.0
2023-07-07 00:00:00+00:00,25.922857,25.754763,0.0,53.72341,-0.025552152,26.776125,24.733398,28.205172,0.6082858,-0.0031128374,-0.006976682,0.018687923,0.009957257,0.0,-15.9194355,0.006526766,1.8330034,0.023742603,15.44,14.07,0.088857494,0.0,0.0,0.0,0.0,0.0
2023-07-10 00:00:00+00:00,25.827143,25.757143,0.0,42.933327,-0.07937654,26.773,24.741285,1.9354061,0.58471435,-0.015612861,-0.029626798,0.0019864615,0.010591836,0.0,-21.001104,0.0027176975,0.674818,0.023184542,14.83,14.318,-0.03950775,0.0,0.0,0.0,0.0,0.0
2023-07-11 00:00:00+00:00,25.748571,25.765238,0.0,34.75611,-0.11824885,26.76094,24.769535,9.146321,0.57507145,0.0011895593,-0.044284634,0.0067783124,0.01055907,0.0,-22.570387,-0.00064685626,0.806994,0.022775099,15.07,14.618,0.016183397,0.0,0.0,0.0,0.0,0.0
2023-07-12 00:00:00+00:00,25.618572,25.76381,0.0,34.96934,-0.16091806,26.763538,24.76408,4.322809,0.58257157,-0.006732676,-0.036866397,-0.0011947704,0.010669409,0.0,-18.75407,-0.005637277,0.73808396,0.023228522,14.84,14.872,-0.01526208,0.0,0.0,0.0,0.0,0.0
2023-07-13 00:00:00+00:00,25.45143,25.770952,0.0,35.5623,-0.17895328,26.752745,24.78916,16.29218,0.5454288,0.0067783124,-0.017509757,0.0059760804,0.010770564,0.0,-7.371025,-0.012398586,0.88685346,0.021601133,13.54,14.7439995,-0.08760109,0.0,0.0,0.0,0.0,0.0
2023-07-14 00:00:00+00:00,25.36,25.789047,0.0,31.391603,-0.17907828,26.725677,24.852417,27.957005,0.5610717,0.005940579,-0.008587088,0.015187816,0.0108052725,0.0,-3.3645053,-0.016636802,0.9389862,0.022089427,13.61,14.378,0.0051698447,0.0,0.0,0.0,0.0,0.0
2023-07-17 00:00:00+00:00,25.251429,25.78,0.0,27.873587,-0.21383053,26.746561,24.813438,11.340266,0.5910718,-0.0181102,-0.011102252,-0.00756063,0.011520479,0.0,-7.095755,-0.020503148,1.4134518,0.023699742,13.34,14.08,-0.019838318,0.0,0.0,0.0,0.0,0.0
2023-07-18 00:00:00+00:00,25.147142,25.758572,0.0,30.312513,-0.24260996,26.784246,24.732895,8.762888,0.57250035,-0.0020048574,-0.01425745,-0.017758515,0.011351925,0.0,-5.2497897,-0.023736892,0.6276589,0.02300121,13.48,13.762,0.010494707,0.0,0.0,0.0,0.0,0.0
2023-07-19 00:00:00+00:00,25.088572,25.71381,0.0,32.11922,-0.26877493,26.819946,24.607672,4.6391816,0.52428615,-0.0032141393,-0.010765568,-0.036504876,0.010670637,0.0,0.72761625,-0.024315258,0.63647777,0.02113204,13.3,13.4539995,-0.013353068,0.0,0.0,0.0,0.0,0.0
2023-07-20 00:00:00+00:00,25.052856,25.654285,0.0,37.179512,-0.27105483,26.77369,24.534883,23.14815,0.5378576,0.007658224,-0.00990099,-0.04761905,0.009777368,0.0,9.305924,-0.023443583,1.0396458,0.021514295,13.76,13.498,0.034586467,0.0,0.0,0.0,0.0,0.0
2023-07-21 00:00:00+00:00,24.971428,25.580477,0.0,28.362593,-0.30884045,26.788424,24.372528,48.441257,0.6807147,-0.01959999,-0.035039347,-0.0594781,0.010440744,0.0,-1.9499205,-0.023809073,8.307402,0.027772928,13.99,13.574,0.016715083,0.0,0.0,0.0,0.0,0.0
2023-07-24 00:00:00+00:00,24.794285,25.47619,0.0,15.472798,-0.37481105,26.828957,24.123423,36.982975,0.71000034,-0.020399837,-0.037289508,-0.0835878,0.010927575,0.0,-16.646423,-0.026766345,2.8673046,0.029571012,13.6,13.626,-0.027877012,0.0,0.0,0.0,0.0,0.0
2023-07-25 00:00:00+00:00,24.617144,25.362381,0.0,21.165648,-0.4102603,26.737677,23.987085,44.414894,0.7450002,0.0062473807,-0.02932903,-0.09001881,0.01045997,0.0,-16.013865,-0.029383589,3.7238984,0.030836087,13.91,13.712,0.022794077,0.0,0.0,0.0,0.0,0.0
2023-07-26 00:00:00+00:00,24.642857,25.297619,0.0,42.52578,-0.3567773,26.576586,24.018652,79.33637,0.76928604,0.039735142,0.012495018,-0.051359467,0.014230312,0.0,14.163188,-0.025882343,2.2396288,0.03062443,13.86,13.824,-0.00359455,0.0,0.0,0.0,0.0,0.0
2023-07-27 00:00:00+00:00,24.614286,25.228096,0.0,39.0071,-0.34511086,26.470667,23.985523,69.62028,0.8064288,-0.017117847,-0.012399979,-0.055831704,0.014429586,0.0,23.5343,-0.024330381,1.5101582,0.03266215,13.19,13.71,-0.048340555,0.0,0.0,0.0,0.0,0.0
2023-07-28 00:00:00+00:00,24.532858,25.149525,0.0,38.551414,-0.3679351,26.424553,23.874495,56.08973,0.84928596,-0.018226033,-0.01101593,-0.06373116,0.014749057,0.0,17.385767,-0.024519999,1.5140854,0.035036534,14.41,13.794,0.09249434,0.0,0.0,0.0,0.0,0.0
2023-07-31 00:00:00+00:00,24.447144,25.082857,0.0,40.362812,-0.3688608,26.361437,23.804277,61.217926,0.8460718,0.0066006538,0.016243206,-0.054263555,0.014896927,0.0,-2.1629686,-0.02534456,1.6169276,0.034675058,13.33,13.74,-0.074947946,0.0,0.0,0.0,0.0,0.0
2023-08-01 00:00:00+00:00,24.328571,24.972857,0.0,35.887104,-0.4228184,26.319323,23.626392,38.141033,0.871786,-0.02950817,-0.01986753,-0.088880315,0.01581488,0.0,-3.119994,-0.025799427,1.6802672,0.03681527,13.63,13.684,0.022505641,0.0,0.0,0.0,0.0,0.0
2023-08-02 00:00:00+00:00,24.277143,24.840952,0.0,33.402493,-0.4626676,26.133638,23.548267,37.179474,0.8703574,-0.0012669208,-0.058519155,-0.10484483,0.0151024,0.0,-5.148923,-0.022696767,1.6202526,0.036801565,13.93,13.698,0.022010285,0.0,0.0,0.0,0.0,0.0
2023-08-03 00:00:00+00:00,24.24,24.739048,0.0,34.756104,-0.46867293,25.970695,23.5074,45.19229,0.8653573,0.010570825,-0.031996798,-0.082181305,0.015319928,0.0,-5.6067076,-0.020172458,1.6605436,0.036207404,16.09,14.278,0.155061,0.0,0.0,0.0,0.0,0.0
2023-08-04 00:00:00+00:00,24.078571,24.65762,0.0,39.56044,-0.46085745,25.847845,23.467394,54.74453,0.85071427,0.003765697,-0.010313531,-0.066537,0.0152603965,0.0,3.6733348,-0.023483511,1.5583439,0.035461187,15.92,14.58,-0.010565573,0.0,0.0,0.0,0.0,0.0
2023-08-07 00:00:00+00:00,23.912857,24.558096,0.0,36.290337,-0.48617738,25.759804,23.356386,37.95624,0.8814286,-0.019174619,-0.035655696,-0.0815769,0.015655164,0.0,2.8878472,-0.026273938,1.8585231,0.03745976,17.1,15.334001,0.07412062,0.0,0.0,0.0,0.0,0.0
2023-08-08 00:00:00+00:00,23.812857,24.478096,0.0,37.01433,-0.49967667,25.717815,23.238377,38.321213,0.88650006,0.0004249991,-0.0059121363,-0.066613734,0.01544642,0.0,2.2582295,-0.02717686,1.2856946,0.03765929,15.77,15.762,-0.07777777,0.0,0.0,0.0,0.0,0.0
2023-08-09 00:00:00+00:00,23.667143,24.389048,0.0,33.333332,-0.5173224,25.664036,23.11406,32.48173,0.8722143,-0.0067970157,-0.01141651,-0.07405944,0.015432184,0.0,-6.2271047,-0.029599534,1.5654471,0.03730599,15.99,16.174,0.013950495,0.0,0.0,0.0,0.0,0.0
2023-08-10 00:00:00+00:00,23.62,24.306667,0.0,36.818188,-0.5276451,25.617214,22.99612,13.364097,0.7200715,-0.0012830958,-0.02301252,-0.06897925,0.015421703,0.0,0.52784973,-0.028250126,2.7603512,0.030838167,15.96,16.148,-0.001876156,0.0,0.0,0.0,0.0,0.0
2023-08-11 00:00:00+00:00,23.58,24.217142,0.0,41.836746,-0.5281241,25.513817,22.920467,14.285777,0.6972144,0.00085655064,-0.025844058,-0.07445541,0.015282005,0.0,4.8224134,-0.026309563,2.9789371,0.029833721,15.85,16.134,-0.006892209,0.0,0.0,0.0,0.0,0.0
2023-08-14 00:00:00+00:00,23.554285,24.137142,0.0,44.66019,-0.4945608,25.330494,22.943792,30.414738,0.64435726,0.0149764,0.00807474,-0.06614175,0.01568497,0.0,11.326856,-0.024147714,2.3799682,0.027165135,14.84,15.682,-0.06372241,0.0,0.0,0.0,0.0,0.0
2023-08-15 00:00:00+00:00,23.404285,24.041904,0.0,22.335012,-0.52485085,25.284365,22.799446,3.7815204,0.63721424,-0.032883592,-0.025488546,-0.08019246,0.016689293,0.0,-14.483176,-0.026521133,3.7687173,0.027777418,14.82,15.492,-0.0013477397,0.0,0.0,0.0,0.0,0.0
2023-08-16 00:00:00+00:00,23.365715,23.964285,0.0,31.33158,-0.51707417,25.187733,22.740839,26.271215,0.65042865,0.013949419,-0.0051325466,-0.065488115,0.017134214,0.0,-10.505168,-0.02497763,3.660442,0.027963385,16.46,15.5859995,0.11066123,0.0,0.0,0.0,0.0,0.0
2023-08-17 00:00:00+00:00,23.278572,23.874762,0.0,32.34501,-0.5314135,25.113337,22.636189,16.156038,0.629,-0.014187443,-0.017987154,-0.07577586,0.017304974,0.0,-12.315182,-0.024971569,2.6018157,0.0274313,16.78,15.75,0.019441167,0.0,0.0,0.0,0.0,0.0
2023-08-18 00:00:00+00:00,23.192858,23.769049,0.0,28.108105,-0.54855776,24.982965,22.55513,12.201667,0.6547143,-0.0065416317,-0.025246048,-0.088799976,0.017119383,0.0,5.7730927,-0.024241192,2.056216,0.028740738,17.89,16.157999,0.0661501,0.0,0.0,0.0,0.0,0.0
2023-08-21 00:00:00+00:00,23.124287,23.690952,0.0,36.807816,-0.54855907,24.91563,22.466274,24.578339,0.63578576,0.003950841,-0.035834674,-0.06691144,0.016834566,0.0,5.476238,-0.023919098,2.4094017,0.027799977,17.3,16.65,-0.03297933,0.0,0.0,0.0,0.0,0.0
2023-08-22 00:00:00+00:00,23.057142,23.638096,0.0,37.785,-0.5399156,24.900183,22.376009,26.024063,0.6707858,0.0013117087,-0.001743719,-0.046230763,0.016383348,0.0,5.4399924,-0.024576942,3.8208826,0.029291943,17.13,17.112,-0.009826594,0.0,0.0,0.0,0.0,0.0
2023-08-23 00:00:00+00:00,23.06,23.618095,0.0,47.81421,-0.45998225,24.858572,22.377619,66.50602,0.6972144,0.03668123,0.020636266,-0.01738411,0.018384669,0.0,19.706102,-0.023629969,1.7976626,0.029368749,16.97,17.213999,-0.00934033,0.0,0.0,0.0,0.0,0.0
2023-08-24 00:00:00+00:00,23.157143,23.546667,0.0,44.986458,-0.40168697,24.579243,22.514091,74.55629,0.679,-0.005054715,0.030091606,-0.059713375,0.015891263,0.0,8.17864,-0.016542617,2.139852,0.028746814,15.98,17.053999,-0.058338232,0.0,0.0,0.0,0.0,0.0
2023-08-25 00:00:00+00:00,23.214287,23.49762,0.0,51.98776,-0.34824562,24.3905,22.604738,74.71261,0.6940001,0.001693438,0.03863034,-0.04171732,0.015571222,0.0,14.202758,-0.012057948,5.0422225,0.029332198,17.2,16.916,0.07634551,0.0,0.0,0.0,0.0,0.0
2023-08-28 00:00:00+00:00,23.22,23.437143,0.0,42.784782,-0.35744977,24.289976,22.584309,35.0574,0.7285715,-0.029163167,0.0043724733,-0.05239276,0.016309585,0.0,-5.0294266,-0.009264898,1.1217799,0.03171838,15.68,16.592,-0.08837212,0.0,0.0,0.0,0.0,0.0
2023-08-29 00:00:00+00:00,23.247143,23.369047,0.0,44.591022,-0.3605875,24.121428,22.616667,35.0574,0.7464286,0.0,0.0030567553,-0.058606572,0.016189964,0.0,-0.39543584,-0.0052165096,0.5001213,0.032495793,15.08,16.182,-0.03826533,0.0,0.0,0.0,0.0,0.0
2023-08-30 00:00:00+00:00,23.245714,23.33,0.0,43.669243,-0.3677114,24.09952,22.56048,28.735636,0.7589286,-0.0047887987,-0.037068203,-0.034628365,0.015001986,0.0,-8.318516,-0.0036127681,0.73381805,0.03319896,14.45,15.678,-0.041777197,0.0,0.0,0.0,0.0,0.0
2023-08-31 00:00:00+00:00,23.27,23.302382,0.0,46.305397,-0.3523503,24.065268,22.539495,40.80455,0.7382144,0.009186312,-0.023285398,-0.02452431,0.0151848355,0.0,3.5206163,-0.0013896063,0.44016027,0.031998876,13.88,15.258,-0.039446346,0.0,0.0,0.0,0.0,0.0
2023-09-01 00:00:00+00:00,23.171429,23.261906,0.0,41.01875,-0.33789533,23.980532,22.543278,39.655098,0.72178584,-0.0008669466,-0.025781937,-0.03556487,0.014949662,0.0,-3.5722706,-0.0038894669,0.4351646,0.031313907,13.57,14.532,-0.022334324,0.0,0.0,0.0,0.0,0.0
2023-09-05 00:00:00+00:00,23.077143,23.212856,0.0,50.328922,-0.32989907,23.859793,22.565922,34.482674,0.6925001,-0.003904562,-0.00043536045,-0.042934585,0.0149052255,0.0,6.6596813,-0.0058465316,0.33080706,0.030161142,13.09,13.616,0.0,0.0,0.0,0.0,0.0,0.0
2023-09-06 00:00:00+00:00,22.927143,23.169048,0.0,39.413666,-0.34779474,23.849516,22.48858,14.367818,0.63964283,-0.015243837,-0.01567256,-0.039099026,0.014701813,0.0,-6.891731,-0.01044087,0.33892938,0.02829025,14.01,13.528,0.07028266,0.0,0.0,0.0,0.0,0.0
2023-09-07 00:00:00+00:00,22.842857,23.11381,0.0,40.740707,-0.3761998,23.853552,22.374067,4.4444375,0.6160714,-0.010172554,-0.020997439,-0.049277898,0.014803352,0.0,-0.27804342,-0.0117225405,0.29362968,0.027527755,14.45,13.642,0.03140611,0.0,0.0,0.0,0.0,0.0
2023-09-08 00:00:00+00:00,22.56,23.0,0.0,28.741058,-0.5050505,24.175058,21.824942,0.9554355,0.6789285,-0.062109,-0.09016038,-0.102224104,0.019740934,0.0,-21.587866,-0.019130439,1.175759,0.032345317,14.4,13.808,-0.0034602208,0.0,0.0,0.0,0.0,0.0
2023-09-11 00:00:00+00:00,22.337143,22.90238,0.0,32.27987,-0.57551694,24.278694,21.526068,24.832191,0.70857143,0.014768912,-0.07592191,-0.08779448,0.02019488,0.0,-7.133796,-0.024680328,0.6798619,0.03326625,13.84,13.958,-0.038888853,0.0,0.0,0.0,0.0,0.0
2023-09-12 00:00:00+00:00,22.194284,22.840477,0.0,41.972916,-0.5627426,24.245104,21.435848,45.50334,0.70857143,0.036150258,-0.038763043,-0.055626918,0.022020115,0.0,1.2322083,-0.028291466,0.48918095,0.032105625,13.8,14.1,-0.0028901706,0.0,0.0,0.0,0.0,0.0
2023-09-13 00:00:00+00:00,21.91,22.71381,0.0,24.906347,-0.626891,24.258121,21.169497,18.389246,0.7221429,-0.045763493,-0.06855378,-0.11214165,0.023547601,0.0,-3.8347108,-0.03538858,0.5124777,0.03428977,14.23,14.144,0.031159373,0.0,0.0,0.0,0.0,0.0
2023-09-14 00:00:00+00:00,21.715714,22.65,0.0,32.465267,-0.6269287,24.264212,21.035788,32.885914,0.752143,0.02564107,-0.034852494,-0.058413256,0.023592997,0.0,0.18539874,-0.041248806,0.43351084,0.03482142,13.48,13.95,-0.052705552,0.0,0.0,0.0,0.0,0.0
2023-09-15 00:00:00+00:00,21.591429,22.57762,0.0,33.617744,-0.6086457,24.213123,20.942114,46.192886,0.70750004,0.0064814533,0.0357313,-0.06534825,0.023386557,0.0,-8.355172,-0.043679994,0.28260642,0.032543685,12.82,13.634,-0.048961416,0.0,0.0,0.0,0.0,0.0
2023-09-18 00:00:00+00:00,21.425714,22.496191,0.0,34.62214,-0.62886673,24.22559,20.766792,28.595577,0.6953572,-0.023919065,-0.0037558652,-0.074574836,0.023714501,0.0,9.715794,-0.04758476,0.42139792,0.03276894,13.79,13.624,0.07566305,0.0,0.0,0.0,0.0,0.0
2023-09-19 00:00:00+00:00,21.438572,22.415237,0.0,33.790737,-0.64871097,24.245075,20.5854,23.857866,0.6903572,-0.006597521,-0.044857264,-0.0746269,0.023714872,0.0,1.3254685,-0.043571535,0.24776503,0.032749377,14.0,13.664,0.015228429,0.0,0.0,0.0,0.0,0.0
2023-09-20 00:00:00+00:00,21.404285,22.329048,0.0,34.320545,-0.65846115,24.237732,20.420362,23.181032,0.68,-0.0009487883,0.0,-0.07914304,0.023662824,0.0,0.70280373,-0.041415177,0.32553318,0.032288685,14.11,13.639999,0.007857119,0.0,0.0,0.0,0.0,0.0
2023-09-21 00:00:00+00:00,21.235714,22.233334,0.0,30.877193,-0.67215765,24.221693,20.244974,17.428068,0.6821429,-0.008072179,-0.032870416,-0.087772936,0.023653073,0.0,-3.7449474,-0.044870403,0.2552717,0.03265403,15.14,13.972,0.07299793,0.0,0.0,0.0,0.0,0.0
2023-09-22 00:00:00+00:00,21.204285,22.095238,0.0,30.715538,-0.67921716,24.046583,20.143894,15.736046,0.6985716,-0.0023934531,-0.041398328,-0.12215668,0.021744907,0.0,-3.0751987,-0.040323257,0.36613777,0.033520695,17.54,14.916,0.1585205,0.0,0.0,0.0,0.0,0.0
2023-09-25 00:00:00+00:00,21.054285,21.949047,0.0,29.679598,-0.70014167,23.880512,20.017582,6.717822,0.7032145,-0.013915591,-0.031573992,-0.12997466,0.02181241,0.0,-4.6409492,-0.040765394,0.38725272,0.034219667,17.2,15.598001,-0.019384272,0.0,0.0,0.0,0.0,0.0
2023-09-26 00:00:00+00:00,20.924286,21.814285,0.0,34.812286,-0.6862205,23.63617,19.992401,19.486086,0.70250034,0.013625338,-0.011859583,-0.11961116,0.022185387,0.0,3.9350946,-0.040798936,0.46687543,0.033725396,16.9,16.178,-0.017441927,0.0,0.0,0.0,0.0,0.0
2023-09-27 00:00:00+00:00,20.841429,21.703333,0.0,35.05155,-0.68265015,23.513365,19.893301,12.018113,0.69964325,-0.009121485,-0.019943025,-0.10143666,0.021552596,0.0,4.336014,-0.039712995,0.69209796,0.03389743,18.94,17.144001,0.12071012,0.0,0.0,0.0,0.0,0.0
2023-09-28 00:00:00+00:00,20.71857,21.57238,0.0,42.061855,-0.7055777,23.395388,19.749372,8.411142,0.6382145,-0.020348841,-0.032072768,-0.11972138,0.021779625,0.0,12.382257,-0.039578814,0.7810825,0.031563513,18.22,17.76,-0.038014848,0.0,0.0,0.0,0.0,0.0
2023-09-29 00:00:00+00:00,20.582857,21.44143,0.0,37.20432,-0.7242749,23.271032,19.611824,7.1748824,0.58642876,-0.0054400945,-0.035028767,-0.12029746,0.02177854,0.0,2.3920326,-0.04004262,1.011825,0.029161038,17.34,17.72,-0.04829853,0.0,0.0,0.0,0.0,0.0
2023-10-02 00:00:00+00:00,20.467142,21.299047,0.0,24.552444,-0.73306304,23.060455,19.53764,5.9907446,0.5453573,-0.0014918292,-0.022871014,-0.12960555,0.02153306,0.0,-10.499108,-0.039058283,0.8805702,0.027159214,17.52,17.784,0.010380641,0.0,0.0,0.0,0.0,0.0
2023-10-03 00:00:00+00:00,20.392857,21.169046,0.0,38.216568,-0.7124491,22.784632,19.553461,18.877506,0.49464294,0.0119521795,-0.024483928,-0.11843816,0.02187566,0.0,-3.8452857,-0.036666274,0.79911053,0.024342652,17.61,17.926,0.0051369946,0.0,0.0,0.0,0.0,0.0
2023-10-04 00:00:00+00:00,20.312857,21.027618,0.0,22.525589,-0.71450424,22.498209,19.557028,4.081627,0.48250008,-0.016240153,-0.03149223,-0.12935537,0.021988858,0.0,-14.67873,-0.033991557,0.7917933,0.024137061,19.78,18.094,0.12322544,0.0,0.0,0.0,0.0,0.0
2023-10-05 00:00:00+00:00,20.155714,20.890476,0.0,17.049189,-0.7287127,22.275978,19.504972,7.7586284,0.4900002,-0.013006515,-0.024233421,-0.12737732,0.021948949,0.0,-7.503255,-0.03517208,0.6280819,0.024835274,18.58,18.166,-0.060667377,0.0,0.0,0.0,0.0,0.0
2023-10-06 00:00:00+00:00,20.03,20.765715,0.0,21.484407,-0.729147,22.05649,19.474937,11.351402,0.46535736,0.001520562,-0.017404296,-0.11706877,0.021992322,0.0,-16.73216,-0.035429254,0.6674408,0.023550462,18.49,18.396,-0.0048439265,0.0,0.0,0.0,0.0,0.0
2023-10-09 00:00:00+00:00,20.008572,20.721905,0.0,31.501837,-0.6964486,22.042807,19.401001,33.830856,0.4903574,0.015688231,-0.0004980194,-0.0438304,0.018244205,0.0,8.976248,-0.034424093,0.9931348,0.024432344,17.45,18.382,-0.056246568,0.0,0.0,0.0,0.0,0.0
2023-10-10 00:00:00+00:00,19.974285,20.653809,0.0,29.553288,-0.67884785,21.996798,19.310822,23.880667,0.4935717,-0.009965065,-0.022145614,-0.06713608,0.017904574,0.0,12.504098,-0.032900628,0.6701597,0.02484003,17.7,18.4,0.014326647,0.0,0.0,0.0,0.0,0.0
2023-10-11 00:00:00+00:00,19.918571,20.540476,0.0,29.452074,-0.67168087,21.77916,19.301792,16.042835,0.4885717,-0.009058897,-0.015007466,-0.10783866,0.0154991755,0.0,7.9676666,-0.030277012,0.62123245,0.024813177,17.03,17.85,-0.03785311,0.0,0.0,0.0,0.0,0.0
2023-10-12 00:00:00+00:00,19.811428,20.469524,0.0,28.762547,-0.667984,21.753103,19.185944,12.612565,0.48642868,-0.0060945065,-0.008109471,-0.07075023,0.012436179,0.0,-2.739291,-0.032149978,0.9414249,0.024855822,16.09,17.352001,-0.05519674,0.0,0.0,0.0,0.0,0.0
2023-10-13 00:00:00+00:00,19.715714,20.360952,0.0,29.152555,-0.67741823,21.62853,19.093374,5.263102,0.48357147,-0.012774656,-0.022267234,-0.10555559,0.010644906,0.0,-0.4007316,-0.03168995,0.6790015,0.025029566,16.69,16.992,0.037290264,0.0,0.0,0.0,0.0,0.0
2023-10-16 00:00:00+00:00,19.664286,20.248095,0.0,23.161793,-0.6731011,21.418268,19.077923,8.359148,0.47357136,0.002588051,-0.03487787,-0.10901559,0.010462826,0.0,-6.2902813,-0.02883278,0.8003088,0.02444869,19.32,17.366001,0.15757933,0.0,0.0,0.0,0.0,0.0
2023-10-17 00:00:00+00:00,19.632858,20.168095,0.0,29.629663,-0.6484869,21.28782,19.04837,26.099802,0.4917856,0.008776462,-0.016607948,-0.07917052,0.009996097,0.0,0.8671176,-0.026538821,0.7498296,0.025168134,17.21,17.268,-0.109213285,0.0,0.0,0.0,0.0,0.0
2023-10-18 00:00:00+00:00,19.591429,20.10619,0.0,41.26987,-0.6026668,21.155714,19.056667,48.734207,0.5010714,0.012282485,0.0045708558,-0.061669793,0.010571226,0.0,12.117314,-0.025602123,0.92603785,0.02533221,17.88,17.438,0.03893086,0.0,0.0,0.0,0.0,0.0
2023-10-19 00:00:00+00:00,19.618572,20.05857,0.0,49.07061,-0.53756374,21.012747,19.104397,66.45565,0.5053571,0.0141556505,0.025038313,-0.04748338,0.011210383,0.0,25.908817,-0.021935735,0.89760125,0.025192264,19.22,18.064,0.07494409,0.0,0.0,0.0,0.0,0.0
2023-10-20 00:00:00+00:00,19.64,20.008572,0.0,45.833336,-0.49798083,20.88678,19.130363,52.531643,0.511357,-0.010967065,0.026915139,-0.05026325,0.011302921,0.0,16.203672,-0.018420657,0.927989,0.02577403,21.4,19.005999,0.113423534,0.0,0.0,0.0,0.0,0.0
2023-10-23 00:00:00+00:00,19.664286,19.95619,0.0,39.416058,-0.4692708,20.753622,19.158758,46.202503,0.5049286,-0.005040342,0.019101648,-0.052783128,0.011317689,0.0,-1.8538111,-0.01462726,1.1592734,0.025578944,21.71,19.484,0.014485956,0.0,0.0,0.0,0.0,0.0
2023-10-24 00:00:00+00:00,19.715715,19.914762,0.0,43.724705,-0.44621566,20.67201,19.157515,53.600006,0.48350006,-0.0030394867,0.0071647586,-0.042335715,0.011014839,0.0,-5.3459053,-0.00999496,0.94226325,0.02456808,20.37,20.116,-0.06172263,0.0,0.0,0.0,0.0,0.0
2023-10-25 00:00:00+00:00,19.802856,19.874287,0.0,54.980083,-0.39913586,20.506632,19.24194,77.599945,0.4772858,0.015243864,0.010111165,-0.040806547,0.01113465,0.0,9.146747,-0.0035940132,1.0394866,0.023888167,18.97,20.334,-0.068728596,0.0,0.0,0.0,0.0,0.0
2023-10-26 00:00:00+00:00,19.83,19.830952,0.0,49.450535,-0.37764445,20.35904,19.302866,57.599945,0.48257145,-0.0125125125,-0.016450645,-0.044089142,0.011268054,0.0,10.034477,-4.8030626e-05,1.1880105,0.024458755,20.19,20.528,0.06431214,0.0,0.0,0.0,0.0,0.0
2023-10-27 00:00:00+00:00,19.674286,19.758095,0.0,30.057798,-0.4394657,20.45571,19.060482,11.117646,0.50828564,-0.052711558,-0.05796369,-0.0756676,0.0153607065,0.0,-13.666906,-0.004241789,2.7260935,0.027195578,20.68,20.384,0.024269428,0.0,0.0,0.0,0.0,0.0
2023-10-30 00:00:00+00:00,19.41,19.66762,0.0,27.807463,-0.5211837,20.619898,18.71534,5.885121,0.52042854,-0.02568226,-0.07750764,-0.09448043,0.016097706,0.0,-27.17262,-0.013098641,1.8821694,0.028579257,21.27,20.296,0.028529987,0.0,0.0,0.0,0.0,0.0
2023-10-31 00:00:00+00:00,19.238571,19.599047,0.0,36.84209,-0.54496634,20.630686,18.56741,34.323975,0.5636428,0.023613418,-0.052845575,-0.07171317,0.017231531,0.0,-12.608446,-0.01839254,1.664817,0.03023833,19.75,20.172,-0.07146218,0.0,0.0,0.0,0.0,0.0
2023-11-01 00:00:00+00:00,19.075714,19.517143,0.0,37.59591,-0.56057984,20.580988,18.453299,32.649673,0.5536428,-0.0021458697,-0.06906903,-0.08464564,0.016874691,0.0,7.5381107,-0.022617478,3.0800457,0.029765727,18.14,20.006,-0.081519015,0.0,0.0,0.0,0.0,0.0
2023-11-02 00:00:00+00:00,18.961428,19.464285,0.0,44.416233,-0.5440882,20.539694,18.388878,44.370007,0.5543571,0.015053698,-0.043081623,-0.055527795,0.017125677,0.0,16.60877,-0.025834866,0.76206046,0.029362122,16.87,19.342001,-0.070010945,0.0,0.0,0.0,0.0,0.0
2023-11-03 00:00:00+00:00,18.854286,19.440475,0.0,48.34904,-0.49704665,20.513313,18.36764,59.020504,0.57042855,0.018538157,0.028892402,-0.02534212,0.017543297,0.0,11.506949,-0.030153094,0.58476543,0.029663458,15.66,18.338,-0.07172501,0.0,0.0,0.0,0.0,0.0
2023-11-06 00:00:00+00:00,18.802856,19.421906,0.0,47.980995,-0.4433582,20.484968,18.35884,64.88075,0.5600714,0.007280359,0.06370136,-0.019736812,0.01763068,0.0,10.385085,-0.031873673,0.6492303,0.028914357,14.91,17.066,-0.04789272,0.0,0.0,0.0,0.0,0.0
2023-11-07 00:00:00+00:00,18.897142,19.387619,0.0,44.611523,-0.3978376,20.408499,18.36674,64.043564,0.51792866,-0.0010325481,0.038090184,-0.035874404,0.017221702,0.0,0.19528988,-0.025298422,0.5122294,0.026766324,14.89,16.094,-0.0013413484,0.0,0.0,0.0,0.0,0.0
2023-11-08 00:00:00+00:00,19.095715,19.374762,0.0,44.19193,-0.33769652,20.376753,18.372772,74.508194,0.52035725,0.012919896,0.053763438,-0.013588347,0.017388819,0.0,-4.15711,-0.014402629,0.47247583,0.026548827,14.81,15.428,-0.005372728,0.0,0.0,0.0,0.0,0.0
2023-11-09 00:00:00+00:00,19.17,19.349524,0.0,41.866024,-0.32182878,20.344843,18.354204,58.286224,0.5350715,-0.022449007,0.0148305455,-0.02691725,0.017954456,0.0,-6.1149697,-0.009277936,0.53312105,0.027926473,14.45,14.944,-0.02430794,0.0,0.0,0.0,0.0,0.0
2023-11-10 00:00:00+00:00,19.258572,19.332857,0.0,43.7198,-0.30094296,20.324385,18.34133,60.89603,0.53149986,0.0031314963,-0.0005200327,-0.017884538,0.017940102,0.0,-0.8917218,-0.0038424605,0.4133252,0.027653465,15.29,14.87,0.0581315,0.0,0.0,0.0,0.0,0.0
2023-11-13 00:00:00+00:00,19.297142,19.324762,0.0,43.61445,-0.2867339,20.3195,18.330023,57.851242,0.52042836,-0.0036420238,-0.011357833,-0.008799176,0.017742455,0.0,-0.57748044,-0.0014292041,0.5762125,0.027176403,14.17,14.722,-0.07325048,0.0,0.0,0.0,0.0,0.0
2023-11-14 00:00:00+00:00,19.278572,19.311905,0.0,38.717957,-0.27632236,20.311157,18.312653,55.676414,0.5091426,-0.0026109263,-0.012919896,-0.013939104,0.017736875,0.0,-3.1480672,-0.0017260426,0.56971,0.026656667,14.76,14.696,0.04163727,0.0,0.0,0.0,0.0,0.0
2023-11-15 00:00:00+00:00,19.284286,19.305714,0.0,45.9596,-0.2402869,20.300632,18.310795,84.12702,0.5163569,0.016230337,-0.009693905,-0.0066530737,0.018004693,0.0,2.2397985,-0.0011099566,0.6418268,0.026602607,14.16,14.566,-0.04065043,0.0,0.0,0.0,0.0,0.0
2023-11-16 00:00:00+00:00,19.32,19.297142,0.0,64.63022,-0.19415894,20.2779,18.316385,91.28205,0.4542141,0.009788796,0.022964537,-0.009100116,0.017926574,0.0,21.01577,0.0011844862,0.64566135,0.023174176,14.18,14.512,0.0014124617,0.0,0.0,0.0,0.0,0.0
2023-11-17 00:00:00+00:00,19.321428,19.275715,0.0,76.51519,-0.15500842,20.20477,18.346659,91.79488,0.4217141,0.00051021576,0.02029143,-0.022432646,0.01762188,0.0,37.79723,0.0023716013,0.5166604,0.021505043,14.32,14.318,0.009873018,0.0,0.0,0.0,0.0,0.0
2023-11-20 00:00:00+00:00,19.395714,19.268095,0.0,72.80705,-0.116984434,20.180183,18.356007,90.74738,0.36992836,0.0035695916,0.027676277,-0.008064508,0.01749292,0.0,26.84745,0.006623337,0.53610164,0.018797163,13.8,14.244,-0.036312815,0.0,0.0,0.0,0.0,0.0
2023-11-21 00:00:00+00:00,19.471428,19.268572,0.0,74.89177,-0.08027639,20.181704,18.355438,91.186485,0.37278557,0.003556895,0.03403139,0.0005065972,0.01747549,0.0,10.261553,0.010527881,0.7642204,0.01887521,13.41,13.974,-0.028260894,0.0,0.0,0.0,0.0,0.0
2023-11-22 00:00:00+00:00,19.578571,19.279047,0.0,73.3945,-0.038635913,20.216724,18.341372,88.88879,0.36028576,0.0075949174,0.025244707,0.011178827,0.017531767,0.0,-3.120684,0.015536238,0.7459129,0.018104803,13.35,13.812,-0.0044742334,0.0,0.0,0.0,0.0,0.0
2023-11-24 00:00:00+00:00,19.712858,19.281904,0.0,70.558395,0.0055968827,20.22887,18.334938,79.467766,0.35635716,0.007035241,0.022449007,0.0030030718,0.017280487,0.0,-2.248652,0.022350095,0.9069572,0.017782284,12.85,13.252,0.0,0.0,0.0,0.0,0.0,0.0
2023-11-27 00:00:00+00:00,19.832857,19.306667,0.0,71.56862,0.05694049,20.327183,18.28615,83.66661,0.3545715,0.010478996,0.032636378,0.026355827,0.017156867,0.0,-3.323155,0.02725434,0.5996754,0.017509693,12.46,12.984,-0.03035022,0.0,0.0,0.0,0.0,0.0
2023-11-28 00:00:00+00:00,19.912857,19.376667,0.0,69.19431,0.08933856,20.420916,18.332418,77.6666,0.35171428,-0.004444452,0.02439022,0.078651644,0.012008394,0.0,-4.2001905,0.027671963,1.5942616,0.017446136,12.69,12.84,0.018459031,0.0,0.0,0.0,0.0,0.0
2023-11-29 00:00:00+00:00,19.991428,19.469524,0.0,65.05376,0.11370357,20.420702,18.518347,77.6666,0.33357143,0.0,0.020759486,0.107084066,0.010009959,0.0,-5.504638,0.02680623,0.977939,0.016546194,12.69,12.708,0.0,0.0,0.0,0.0,0.0,0.0
2023-11-30 00:00:00+00:00,20.04857,19.538095,0.0,80.66671,0.12511544,20.444685,18.631506,72.333275,0.31250015,-0.00396825,0.009045241,0.07725325,0.009209821,0.0,9.098091,0.026127208,0.8318218,0.015562749,12.98,12.734,0.022852637,0.0,0.0,0.0,0.0,0.0
2023-12-01 00:00:00+00:00,20.147142,19.625715,0.0,83.88894,0.16134854,20.506819,18.744612,96.33331,0.32392868,0.017928317,0.01996006,0.09892473,0.009617441,0.0,14.694625,0.02656863,2.6979892,0.015847776,12.92,12.748,-0.004622455,0.0,0.0,0.0,0.0,0.0
2023-12-04 00:00:00+00:00,20.26,19.711905,0.0,88.88892,0.20784058,20.639517,18.784292,94.42895,0.34214306,0.01223092,0.02172842,0.09586872,0.009482013,0.0,23.835161,0.027805282,1.0083929,0.01653663,12.63,12.782,-0.022445817,0.0,0.0,0.0,0.0,0.0
2023-12-05 00:00:00+00:00,20.342857,19.778095,0.0,88.00001,0.2363134,20.75817,18.798021,86.70522,0.35321453,-0.003383262,0.02281751,0.07228296,0.009045704,0.0,7.3333035,0.028554905,1.2555977,0.017129697,13.08,12.86,0.03562944,0.0,0.0,0.0,0.0,0.0
2023-12-06 00:00:00+00:00,20.331429,19.81619,0.0,67.757,0.22003064,20.791824,18.840557,51.07916,0.35250023,-0.021823509,0.0004960431,0.04130094,0.010524873,0.0,-16.131933,0.026000855,1.053125,0.017476453,12.85,12.892,-0.017584063,0.0,0.0,0.0,0.0,0.0
2023-12-07 00:00:00+00:00,20.221428,19.818096,0.0,46.15383,0.14254373,20.790054,18.846136,10.429445,0.4003574,-0.03867133,-0.034362577,0.0020671322,0.01376881,0.0,-42.735092,0.020351764,1.9213637,0.020647611,12.97,12.89,0.009338512,0.0,0.0,0.0,0.0,0.0
2023-12-08 00:00:00+00:00,20.314285,19.875715,0.0,64.49274,0.19348656,20.93308,18.818348,73.33945,0.5309289,0.073233634,0.018101709,0.061734647,0.020966329,0.0,-23.507277,0.022065686,2.7529361,0.02551315,13.06,12.918,0.006939102,0.0,0.0,0.0,0.0,0.0
2023-12-11 00:00:00+00:00,20.39,19.944761,0.0,60.88993,0.21523972,20.995184,18.89434,64.11442,0.53592885,-0.00961071,-0.0038665985,0.075678535,0.020363795,0.0,-6.8670716,0.022323554,1.0892177,0.026003327,12.35,12.862,-0.054364473,0.0,0.0,0.0,0.0,0.0
2023-12-12 00:00:00+00:00,20.411428,20.01,0.0,59.952606,0.22823445,21.041368,18.978632,63.191887,0.53592885,-0.0009704249,-0.0014549315,0.071279965,0.020388907,0.0,13.798776,0.020061389,0.79687816,0.026028587,12.63,12.772,0.022672042,0.0,0.0,0.0,0.0,0.0
2023-12-13 00:00:00+00:00,20.42,20.086191,0.0,60.047283,0.24857806,21.08666,19.085722,70.57195,0.55164295,0.007770755,0.028755574,0.08355094,0.02034169,0.0,-4.4454527,0.016618844,0.77597845,0.02658519,12.07,12.616,-0.044338908,0.0,0.0,0.0,0.0,0.0
2023-12-14 00:00:00+00:00,20.48,20.178572,0.0,61.415524,0.28481796,21.154549,19.202595,83.948364,0.55985737,0.013975948,0.085095495,0.1015707,0.020393254,0.0,0.5255902,0.014938041,0.84135675,0.026609177,12.19,12.46,0.009941996,0.0,0.0,0.0,0.0,0.0
2023-12-15 00:00:00+00:00,20.607143,20.257143,0.0,59.665863,0.3115606,21.2389,19.275387,84.87081,0.5580717,0.0009505014,0.012013455,0.08500771,0.020237446,0.0,-0.28674206,0.017277839,0.8314955,0.026499119,12.48,12.344,0.023789989,0.0,0.0,0.0,0.0,0.0
2023-12-18 00:00:00+00:00,20.835714,20.323334,0.0,59.952038,0.32337824,21.306437,19.340229,81.642044,0.55950016,-0.0033238223,0.018437611,0.07091834,0.020254891,0.0,-0.095245115,0.025211446,1.5589583,0.026655545,12.28,12.33,-0.016025627,0.0,0.0,0.0,0.0,0.0
2023-12-19 00:00:00+00:00,20.864286,20.39,0.0,60.1432,0.3305473,21.359722,19.420279,82.564575,0.56521446,0.0009528565,0.020398255,0.07139213,0.0202519,0.0,-1.272321,0.023260692,0.6817879,0.026902149,12.56,12.316,0.02280136,0.0,0.0,0.0,0.0,0.0
2023-12-20 00:00:00+00:00,20.987143,20.475239,0.0,65.20787,0.36909226,21.496172,19.454306,72.933525,0.6362858,0.021894293,0.034698762,0.090955235,0.02064688,0.0,5.5420084,0.025001146,1.9331943,0.029636027,12.53,12.408,-0.0023885895,0.0,0.0,0.0,0.0,0.0
2023-12-21 00:00:00+00:00,21.038572,20.532381,0.0,55.391125,0.35360378,21.516493,19.54827,56.077824,0.66235733,-0.024219776,-0.0042775734,0.060759533,0.021569524,0.0,-4.5609117,0.024653263,0.9352056,0.031616084,13.67,12.7039995,0.09098167,0.0,0.0,0.0,0.0,0.0
2023-12-22 00:00:00+00:00,21.105715,20.595238,0.0,55.578938,0.3589776,21.578327,19.612148,64.8298,0.6509286,0.012887758,0.0075973338,0.06633165,0.02165628,0.0,-4.5642624,0.02478611,0.55582845,0.030675229,13.65,12.938,-0.0014630912,0.0,0.0,0.0,0.0,0.0
2023-12-26 00:00:00+00:00,21.151428,20.658094,0.0,57.67635,0.37026513,21.660685,19.655506,69.36793,0.6409287,0.0065976107,0.017627481,0.06586824,0.021652699,0.0,-7.5315223,0.023880852,0.36559296,0.03000601,13.03,13.182,0.0,0.0,0.0,0.0,0.0,0.0
2023-12-27 00:00:00+00:00,21.184286,20.707619,0.0,62.612633,0.36930504,21.728127,19.68711,67.09889,0.62450016,-0.0032771393,0.013327019,0.05135807,0.021631494,0.0,7.2215056,0.023018891,0.325637,0.029333012,12.99,13.274,-0.003069836,0.0,0.0,0.0,0.0,0.0
2023-12-28 00:00:00+00:00,21.264286,20.77381,0.0,77.551056,0.38508487,21.82499,19.72263,73.08374,0.5716429,0.012212227,0.0037261262,0.06894838,0.02166539,0.0,21.972118,0.023610301,0.44210616,0.02652634,12.43,13.026,-0.043110043,0.0,0.0,0.0,0.0,0.0
2023-12-29 00:00:00+00:00,21.33,20.836191,0.0,62.79072,0.3866778,21.88986,19.782522,58.354088,0.44749996,-0.0037122935,0.024820933,0.064980134,0.021709614,0.0,5.1143737,0.02369959,0.3355186,0.020843025,12.47,12.79,0.0032180178,0.0,0.0,0.0,0.0,0.0
2024-01-02 00:00:00+00:00,21.338572,20.90524,0.0,68.852486,0.38830563,21.940662,19.869814,61.346672,0.4353571,0.002794661,0.014608925,0.07221119,0.021647684,0.0,6.2398543,0.020728448,0.41811374,0.020220941,12.45,12.558,0.0,0.0,0.0,0.0,0.0,0.0
2024-01-03 00:00:00+00:00,21.427143,20.959047,0.0,69.91873,0.3883467,22.010254,19.90784,62.01546,0.4364285,0.0018578266,0.009831417,0.055283714,0.02139638,0.0,-7.63233,0.022333788,1.5143356,0.020233115,13.2,12.6,0.060240965,0.0,0.0,0.0,0.0,0.0
2024-01-04 00:00:00+00:00,21.434286,20.986668,0.0,60.00003,0.3600217,22.038662,19.934671,42.17881,0.42750004,-0.013908171,-0.0009394296,0.028032862,0.021578586,0.0,-2.7906942,0.021328729,0.8187776,0.020098723,14.04,12.922,0.06363638,0.0,0.0,0.0,0.0,0.0
2024-01-05 00:00:00+00:00,21.368572,21.0,0.0,47.38803,0.3042112,22.0395,19.9605,7.8687844,0.42535713,-0.017395431,-0.030162396,0.01357899,0.021951674,0.0,-21.464457,0.017551012,0.72891563,0.020352006,14.13,13.254,0.006410267,0.0,0.0,0.0,0.0,0.0
2024-01-08 00:00:00+00:00,21.377142,21.05619,0.0,54.6624,0.29291573,22.03293,20.07945,37.377037,0.43107143,0.021531137,-0.005589145,0.05850274,0.021748709,0.0,-15.25633,0.015242649,1.1135142,0.02019069,13.35,13.434,-0.05520168,0.0,0.0,0.0,0.0,0.0
2024-01-09 00:00:00+00:00,21.38857,21.162857,0.0,59.638557,0.30306402,21.808493,20.517221,52.63154,0.4396429,0.013114696,0.004644611,0.11552346,0.019628145,0.0,-0.36147234,0.010665577,0.71487314,0.0203256,13.08,13.56,-0.020224752,0.0,0.0,0.0,0.0,0.0
2024-01-10 00:00:00+00:00,21.442858,21.212381,0.0,61.93183,0.32511118,21.902363,20.522398,67.84455,0.44607148,0.010171115,0.012981025,0.049976017,0.0121181775,0.0,14.543801,0.010865169,0.9185681,0.02041516,12.76,13.472,-0.024464808,0.0,0.0,0.0,0.0,0.0
2024-01-11 00:00:00+00:00,21.477142,21.267618,0.0,54.777092,0.3322979,21.94058,20.594658,87.1288,0.3785715,-0.0036613236,0.023507286,0.056283347,0.011890883,0.0,0.11469317,0.0098517705,0.9098061,0.017389588,12.69,13.202,-0.005485944,0.0,0.0,0.0,0.0,0.0
2024-01-12 00:00:00+00:00,21.528572,21.331429,0.0,67.6259,0.34690514,21.98846,20.674397,99.0476,0.35678592,0.0073495563,0.04928233,0.06508014,0.011901836,0.0,7.987342,0.009241895,0.8453589,0.0162693,12.44,12.864,-0.019700551,0.0,0.0,0.0,0.0,0.0
2024-01-16 00:00:00+00:00,21.562857,21.367619,0.0,54.948822,0.32089195,21.971735,20.763504,53.913044,0.37678596,-0.01915185,0.007494138,0.036626518,0.01278771,0.0,-6.9830112,0.009137098,0.86997026,0.017516773,12.7,12.658,0.0,0.0,0.0,0.0,0.0,0.0
2024-01-17 00:00:00+00:00,21.61,21.376667,0.0,47.882717,0.2745181,21.965677,20.787657,29.565191,0.3925002,-0.013017233,-0.018492818,0.009030352,0.012858266,0.0,-6.8943734,0.010915327,0.6748345,0.01848799,13.84,12.874,0.089763805,0.0,0.0,0.0,0.0,0.0
2024-01-18 00:00:00+00:00,21.557142,21.372858,0.0,45.230747,0.21511391,21.971426,20.774288,7.82609,0.396786,-0.011775789,-0.039816972,-0.0037986669,0.013133275,0.0,-22.395151,0.008622412,0.80387664,0.018912576,14.79,13.294,0.0686416,0.0,0.0,0.0,0.0,0.0
2024-01-19 00:00:00+00:00,21.458572,21.370476,0.0,39.934017,0.1629299,21.975801,20.76515,16.030594,0.39607185,-0.0019065305,-0.038125858,-0.0023820505,0.013119509,0.0,-15.014804,0.0041222903,0.5189721,0.018914595,14.13,13.632,-0.044624735,0.0,0.0,0.0,0.0,0.0
2024-01-22 00:00:00+00:00,21.295713,21.35619,0.0,38.05032,0.10184057,22.009504,20.702877,11.920422,0.40750042,-0.010983832,-0.05563161,-0.014278969,0.013331597,0.0,-9.832399,-0.002831787,0.99710655,0.019676495,13.3,13.752,-0.058740262,0.0,0.0,0.0,0.0,0.0
2024-01-23 00:00:00+00:00,21.105715,21.307142,0.0,33.923298,0.031279624,22.070036,20.54425,9.090899,0.42178604,-0.013037111,-0.04974429,-0.04797386,0.012540371,0.0,-11.307449,-0.009453569,1.2812672,0.020635314,13.19,13.85,-0.008270723,0.0,0.0,0.0,0.0,0.0
2024-01-24 00:00:00+00:00,20.96,21.305239,0.0,41.36126,0.013133192,22.072065,20.53841,35.795403,0.429286,0.022994095,-0.015072996,-0.0019093516,0.012639067,0.0,1.4272407,-0.016204372,1.0192794,0.020530168,12.55,13.592,-0.048521563,0.0,0.0,0.0,0.0,0.0
2024-01-25 00:00:00+00:00,20.805714,21.267618,0.0,39.499996,-0.039524324,22.124262,20.410976,8.522704,0.44000027,-0.022955501,-0.026215408,-0.037228983,0.013216512,0.0,1.4496789,-0.021718683,0.7789353,0.021536957,13.14,13.262,0.047011964,0.0,0.0,0.0,0.0,0.0
2024-01-26 00:00:00+00:00,20.737143,21.238571,0.0,48.10127,-0.054802753,22.122976,20.354166,26.704502,0.4303574,0.015663225,-0.0090735685,-0.028558081,0.013643017,0.0,14.177972,-0.023609327,0.78477263,0.020740105,13.45,13.126,0.023592044,0.0,0.0,0.0,0.0,0.0
2024-01-29 00:00:00+00:00,20.717142,21.217142,0.0,42.89693,-0.058969002,22.117968,20.316319,31.818148,0.41107163,0.004337357,0.006277213,-0.02113672,0.013688679,0.0,1.5356715,-0.023565834,0.8697379,0.019725118,13.26,13.118,-0.014126363,0.0,0.0,0.0,0.0,0.0
2024-01-30 00:00:00+00:00,20.731428,21.192858,0.0,41.595467,-0.045606665,22.083433,20.30228,43.181824,0.4032146,0.009596965,0.029354226,-0.023665816,0.01357458,0.0,2.095469,-0.02177282,0.6607923,0.019164182,13.6,13.2,0.025641037,0.0,0.0,0.0,0.0,0.0
2024-01-31 00:00:00+00:00,20.754286,21.164286,0.0,35.838154,-0.048179127,22.056017,20.272556,33.52273,0.4022861,-0.008079851,-0.0019129129,-0.0279459,0.013650619,0.0,-12.263117,-0.019372238,0.6447025,0.019275798,13.31,13.352,-0.021323526,0.0,0.0,0.0,0.0,0.0
2024-02-01 00:00:00+00:00,20.800001,21.127619,0.0,35.530083,-0.058420513,22.019514,20.235725,27.272697,0.39371464,-0.0052707526,0.016152713,-0.035764072,0.013644294,0.0,-7.3668475,-0.015506653,0.8626096,0.01896505,14.35,13.594,0.078136735,0.0,0.0,0.0,0.0,0.0
2024-02-02 00:00:00+00:00,20.797144,21.095238,0.0,34.97108,-0.05540833,21.968866,20.221611,34.65901,0.39228588,0.006262002,0.0067469585,-0.03152528,0.013734364,0.0,-6.6243863,-0.014130911,0.76220036,0.018778637,13.88,13.68,-0.03275263,0.0,0.0,0.0,0.0,0.0
2024-02-05 00:00:00+00:00,20.854286,21.074286,0.0,39.03225,-0.057203203,21.951408,20.197165,45.26742,0.3701431,-0.0028721623,-0.00047985744,-0.020686438,0.013441221,0.0,3.1940947,-0.010439251,0.8592963,0.017769702,13.85,13.798,-0.002161364,0.0,0.0,0.0,0.0,0.0
2024-02-06 00:00:00+00:00,20.815714,21.054285,0.0,38.17034,-0.08587781,21.966549,20.142023,22.882978,0.38064304,-0.016802708,-0.026616033,-0.020095699,0.013405445,0.0,2.6402586,-0.011331243,0.89387745,0.018586077,13.67,13.812,-0.012996412,0.0,0.0,0.0,0.0,0.0
2024-02-07 00:00:00+00:00,20.78143,21.018572,0.0,43.75001,-0.0977923,21.94088,20.096264,40.490078,0.3827858,0.005859416,-0.0129372515,-0.035128806,0.012501125,0.0,8.778931,-0.011282529,0.9414799,0.018581826,13.06,13.762,-0.044623237,0.0,0.0,0.0,0.0,0.0
2024-02-08 00:00:00+00:00,20.707144,20.965714,0.0,43.181816,-0.11239432,21.867859,20.06357,31.155203,0.38635716,-0.0038834913,-0.011560682,-0.051317558,0.01204072,0.0,4.149569,-0.012333056,1.805477,0.018828312,12.83,13.458,-0.017611064,0.0,0.0,0.0,0.0,0.0
2024-02-09 00:00:00+00:00,20.487143,20.845715,0.0,32.9208,-0.21748263,21.909718,19.781712,1.6574953,0.4435001,-0.057992227,-0.07467686,-0.11533183,0.01674191,0.0,-5.2495418,-0.017201204,2.791561,0.022943605,12.79,13.24,-0.0031176899,0.0,0.0,0.0,0.0,0.0
2024-02-12 00:00:00+00:00,20.282858,20.729525,0.0,35.278507,-0.29733834,21.897436,19.561611,12.315267,0.4510002,0.0,-0.07201152,-0.112080865,0.016783021,0.0,-8.471503,-0.021547364,1.5175266,0.023331609,12.93,13.056,0.010946078,0.0,0.0,0.0,0.0,0.0
2024-02-13 00:00:00+00:00,20.097143,20.618095,0.0,31.460686,-0.33577412,21.750944,19.485247,25.123156,0.43635735,0.013450607,-0.043457,-0.106703155,0.017067123,0.0,-11.721131,-0.025266744,1.092898,0.022274483,13.93,13.108,0.077339515,0.0,0.0,0.0,0.0,0.0
2024-02-14 00:00:00+00:00,19.87143,20.510477,0.0,32.748543,-0.38918364,21.714611,19.306341,8.374385,0.43171448,-0.017355802,-0.065533996,-0.10506742,0.016998166,0.0,-0.17225471,-0.031157117,1.0152632,0.022426713,15.85,13.666,0.13783202,0.0,0.0,0.0,0.0,0.0
2024-02-15 00:00:00+00:00,19.672857,20.408571,0.0,24.539896,-0.4393571,21.714838,19.102304,3.8095195,0.43135723,-0.0083116805,-0.06968812,-0.10080073,0.016919855,0.0,-10.738612,-0.036049258,0.9610229,0.022595968,14.38,13.976,-0.09274449,0.0,0.0,0.0,0.0,0.0
2024-02-16 00:00:00+00:00,19.45143,20.316668,0.0,22.118391,-0.47685084,21.721905,18.911428,2.3696313,0.43278584,-0.002095386,-0.014485291,-0.09199239,0.01685513,0.0,-9.342295,-0.042587586,1.0987557,0.022718407,14.01,14.22,-0.025730172,0.0,0.0,0.0,0.0,0.0
2024-02-20 00:00:00+00:00,19.241428,20.226667,0.0,16.943518,-0.5007921,21.704454,18.74888,6.4747424,0.42528576,0.0,-0.014485291,-0.09025794,0.01687462,0.0,-15.805026,-0.048709847,0.9640984,0.0223247,14.24,14.544,0.0,0.0,0.0,0.0,0.0,0.0
2024-02-21 00:00:00+00:00,19.202856,20.148096,22.31165,18.245615,-0.51304466,21.69193,18.60426,9.767401,0.4219284,0.00052494643,-0.027054654,-0.07967164,0.016835447,0.85426223,-6.294281,-0.046914507,0.9422726,0.022136841,15.42,14.458,0.08286519,0.0,0.0,0.0,0.0,0.0
2024-02-22 00:00:00+00:00,19.19857,20.09381,22.27365,25.503351,-0.49765235,21.674273,18.513348,20.930183,0.43657127,0.012591803,0.002597363,-0.055773057,0.017060399,0.86649466,3.38496,-0.044552926,0.76181966,0.02262026,15.34,14.65,-0.0051880623,0.0,0.0,0.0,0.0,0.0
2024-02-23 00:00:00+00:00,19.141428,20.011906,22.2371,21.283813,-0.4886964,21.592989,18.43082,16.42513,0.43014267,-0.0056994148,0.0052383645,-0.08225726,0.016026853,0.86297226,4.340296,-0.043497913,0.68552756,0.022414926,14.54,14.756,-0.05215125,0.0,0.0,0.0,0.0,0.0
2024-02-26 00:00:00+00:00,19.131428,19.952381,22.20045,21.649508,-0.4769082,21.561232,18.34353,17.36842,0.42907128,-0.00052111666,0.0068242033,-0.061184533,0.015433663,0.86394644,3.4038928,-0.041145578,0.8284093,0.022370754,13.75,14.658,-0.05433287,0.0,0.0,0.0,0.0,0.0
2024-02-27 00:00:00+00:00,19.11,19.86619,22.16375,22.500029,-0.48138285,21.48944,18.24294,5.2356224,0.41214275,-0.012513022,-0.00577421,-0.08722889,0.014957909,0.8545486,-3.0033221,-0.038064186,1.0373669,0.021760428,13.74,14.558,-0.00072728936,0.0,0.0,0.0,0.0,0.0
2024-02-28 00:00:00+00:00,19.091429,19.774761,22.1271,18.888891,-0.48099825,21.38387,18.165655,9.901026,0.40499988,-0.0010559903,-0.007345194,-0.09213052,0.014849408,0.8550601,-2.3949208,-0.03455582,0.93575406,0.021405902,13.43,14.16,-0.022561824,0.0,0.0,0.0,0.0,0.0
2024-02-29 00:00:00+00:00,19.104286,19.684286,22.0928,25.704208,-0.45766568,21.205885,18.162687,32.209736,0.41428566,0.011627871,-0.008290147,-0.09030425,0.014951959,0.8663456,4.0547,-0.029465115,0.94841653,0.021645008,13.84,13.86,0.030528655,0.0,0.0,0.0,0.0,0.0
2024-03-01 00:00:00+00:00,19.095715,19.595238,22.0553,40.78212,-0.44533765,21.04245,18.148026,31.182884,0.35321411,-0.007314493,-0.009901018,-0.08960234,0.014943439,0.86147094,18.282091,-0.025492083,1.0936522,0.018590208,13.4,13.632,-0.031791944,0.0,0.0,0.0,0.0,0.0
2024-03-04 00:00:00+00:00,19.027143,19.502857,22.0119,37.05583,-0.44496286,20.88396,18.121754,13.684138,0.33714268,-0.0094737,-0.018769583,-0.09344897,0.014984462,0.85499203,18.166935,-0.024392009,0.8209551,0.017914055,13.11,13.504,-0.021641789,0.0,0.0,0.0,0.0,0.0
2024-03-05 00:00:00+00:00,18.994286,19.410952,21.97155,32.97293,-0.42843038,20.654366,18.16754,35.897335,0.34678555,0.0074388627,0.0010558896,-0.09238872,0.015029059,0.86293405,7.268722,-0.021465534,1.0350826,0.018290369,13.49,13.4539995,0.028985517,0.0,0.0,0.0,0.0,0.0
2024-03-06 00:00:00+00:00,18.97,19.324286,21.9305,42.307697,-0.4066065,20.393839,18.254732,52.98014,0.3374999,0.0026371912,0.004756879,-0.087373964,0.015106692,0.86682934,1.5255771,-0.018333696,1.0421566,0.017753799,14.46,13.66,0.071905136,0.0,0.0,0.0,0.0,0.0
2024-03-07 00:00:00+00:00,19.061428,19.28143,21.8932,62.436546,-0.33940426,20.220669,18.342188,84.34779,0.36714283,0.029984202,0.022988534,-0.043945294,0.016542071,0.89434165,25.38072,-0.011409944,0.9356533,0.0187509,14.5,13.792,0.002766249,0.0,0.0,0.0,0.0,0.0
2024-03-08 00:00:00+00:00,19.187143,19.243334,21.85605,67.44188,-0.26533526,20.00631,18.480356,73.45676,0.39499992,0.01123592,0.042105224,-0.038835008,0.016710622,0.9059276,34.46895,-0.0029200057,1.2191215,0.01994948,14.44,14.0,-0.00413796,0.0,0.0,0.0,0.0,0.0
2024-03-11 00:00:00+00:00,19.312857,19.219524,21.8258,70.46417,-0.18673028,19.83142,18.607626,87.03709,0.41464275,0.011111173,0.063761994,-0.024366472,0.016933713,0.9172631,28.156473,0.0048561683,0.7079406,0.020711415,14.74,14.326,0.020775637,0.0,0.0,0.0,0.0,0.0
2024-03-12 00:00:00+00:00,19.477142,19.258572,21.79655,71.88757,-0.11264689,19.992554,18.524588,89.0173,0.41749996,0.0064934646,0.06276374,0.04242109,0.010838626,0.9244582,9.451025,0.011349296,0.7458652,0.020719592,15.22,14.672,0.032564484,0.0,0.0,0.0,0.0,0.0
2024-03-13 00:00:00+00:00,19.665714,19.297142,21.765,68.58409,-0.054118376,20.125904,18.468382,86.003334,0.40564278,-0.0004962893,0.059442353,0.04190375,0.010843827,0.9253388,1.1422089,0.019099778,0.76209694,0.020141141,13.84,14.548,-0.090670176,0.0,0.0,0.0,0.0,0.0
2024-03-14 00:00:00+00:00,19.872856,19.336191,21.7354,75.2066,0.013892534,20.290642,18.381739,92.78353,0.4085,0.01340618,0.04239019,0.041858073,0.010841489,0.9390211,4.7424264,0.027754506,1.4547348,0.020014688,13.75,14.398,-0.006502901,0.0,0.0,0.0,0.0,0.0
2024-03-15 00:00:00+00:00,20.024286,19.375238,21.70425,66.18181,0.039896596,20.380615,18.36986,75.25774,0.4242141,-0.01665851,0.013636387,0.042597387,0.010780104,0.92470366,-5.705765,0.0334988,1.1252376,0.021136716,14.4,14.39,0.0472727,0.0,0.0,0.0,0.0,0.0
2024-03-18 00:00:00+00:00,20.132856,19.434761,21.6773,75.17984,0.081353985,20.514477,18.355047,89.1753,0.44385704,0.013452938,0.015984,0.06547931,0.010781012,0.9383088,6.595755,0.03591991,3.6216123,0.02182187,14.41,14.324,0.00069446035,0.0,0.0,0.0,0.0,0.0
2024-03-19 00:00:00+00:00,20.19,19.489523,21.65285,72.06898,0.10173969,20.60339,18.375656,81.95883,0.4552856,-0.006882959,0.0024814464,0.060367536,0.010945289,0.93290263,-3.1376164,0.035941154,0.992128,0.02253888,14.33,14.146,-0.005551695,0.0,0.0,0.0,0.0,0.0
2024-03-20 00:00:00+00:00,20.215714,19.544285,21.627449,69.776146,0.11655197,20.680254,18.408318,81.95883,0.44385692,0.0,0.0029792143,0.060367536,0.010945289,0.9339983,3.5943358,0.034354202,0.9499356,0.021973103,13.82,14.142,-0.035589688,0.0,0.0,0.0,0.0,0.0
2024-03-21 00:00:00+00:00,20.252857,19.608572,21.60175,75.63636,0.14358087,20.781624,18.435518,92.78353,0.44207123,0.0103959935,0.0,0.07082898,0.011051803,0.94483083,0.45651782,0.03285734,0.68600094,0.02165953,13.04,14.0,-0.056439925,0.0,0.0,0.0,0.0,0.0
2024-03-22 00:00:00+00:00,20.334286,19.675714,21.57955,82.926834,0.18705268,20.932974,18.418455,90.90904,0.456357,0.0146986395,0.031888362,0.07305699,0.011149293,0.9597049,10.857851,0.03347127,0.9372079,0.022035576,12.92,13.7039995,-0.009202445,0.0,0.0,0.0,0.0,0.0
2024-03-25 00:00:00+00:00,20.36143,19.742857,21.5567,78.87328,0.2102053,21.041103,18.44461,84.68901,0.44635704,-0.0053113815,0.012782705,0.073475756,0.01113373,0.9556194,9.097137,0.031331398,0.53700733,0.021667806,13.06,13.434,0.01083594,0.0,0.0,0.0,0.0,0.0
2024-03-26 00:00:00+00:00,20.444286,19.812857,21.53455,78.87327,0.22993787,21.141798,18.483915,86.01034,0.44421414,0.0024271475,0.02227717,0.0766423,0.011099812,0.9589241,3.236905,0.03186963,0.62406194,0.021511571,13.19,13.206,0.009953993,0.0,0.0,0.0,0.0,0.0
2024-03-27 00:00:00+00:00,20.528572,19.90762,21.51365,76.47063,0.2651137,21.258766,18.556473,93.35792,0.41635704,0.013559355,0.03613859,0.105068624,0.010659012,0.9728707,-6.4562073,0.03119169,0.7609417,0.019892825,13.24,13.09,0.003790765,0.0,0.0,0.0,0.0,0.0
2024-03-28 00:00:00+00:00,20.707144,20.028095,21.4954,78.94741,0.33113343,21.458252,18.597939,99.44144,0.40778556,0.024844741,0.05095546,0.13372096,0.011416373,0.99788797,0.07413058,0.033904746,0.7038694,0.019010972,12.78,13.038,-0.034743205,0.0,0.0,0.0,0.0,0.0
2024-04-01 00:00:00+00:00,20.887142,20.13857,21.4776,77.27274,0.37988225,21.637375,18.639769,93.258385,0.3906427,0.0004661222,0.036214393,0.12121211,0.011403816,0.9991805,-1.600519,0.03717101,0.7731537,0.018203286,13.01,13.046,0.0,0.0,0.0,0.0,0.0,0.0
2024-04-02 00:00:00+00:00,21.004286,20.244762,21.4581,69.70805,0.39539906,21.720575,18.768948,80.33707,0.3942141,-0.010717593,0.030582484,0.1173684,0.011617561,0.98937,-6.7625666,0.037517034,0.5676037,0.018568719,13.65,13.138,0.04919288,0.0,0.0,0.0,0.0,0.0
2024-04-03 00:00:00+00:00,21.02,20.34,21.4355,60.828045,0.37034363,21.681686,18.998314,57.303375,0.41071415,-0.019312287,0.008232449,0.106269926,0.012416676,0.97128594,-18.119366,0.033431645,0.8485154,0.019726895,14.61,13.412,0.07032967,0.0,0.0,0.0,0.0,0.0
2024-04-04 00:00:00+00:00,20.982857,20.405714,21.40845,48.955227,0.3082023,21.589396,19.222033,30.337118,0.42357132,-0.023054734,-0.028189208,0.07278487,0.013809145,0.95009214,-28.31752,0.028283378,0.8345108,0.020824539,14.33,13.722,-0.019164938,0.0,0.0,0.0,0.0,0.0
2024-04-05 00:00:00+00:00,20.914286,20.460953,21.37805,51.572334,0.24244253,21.465837,19.456066,20.786556,0.41892856,-0.008357919,-0.05967369,0.06102051,0.014047563,0.9434911,-18.135721,0.022156013,0.68481827,0.020769874,16.35,14.39,0.14096305,0.0,0.0,0.0,0.0,0.0
2024-04-08 00:00:00+00:00,20.817142,20.492857,21.348999,48.494976,0.19454022,21.41979,19.565924,17.39134,0.39357132,0.0039662826,-0.05638393,0.034218594,0.012615428,0.94852215,-12.333068,0.01582432,0.6565621,0.01943561,16.03,14.994,-0.019571846,0.0,0.0,0.0,0.0,0.0
2024-04-09 00:00:00+00:00,20.61857,20.505238,21.3183,47.697342,0.1396362,21.39968,19.610798,0.65360945,0.37928566,-0.009382742,-0.055110697,0.013131325,0.012636808,0.94097555,-1.2578833,0.0055270297,0.54176915,0.018907553,15.19,15.302,-0.052401815,0.0,0.0,0.0,0.0,0.0
2024-04-10 00:00:00+00:00,20.46,20.520952,21.2873,52.25225,0.11816292,21.390846,19.651058,22.641546,0.39071438,0.014456676,-0.022574415,0.016483512,0.012794755,0.9559691,0.67991346,-0.0029702513,0.59460497,0.019199714,14.98,15.376,-0.013824888,0.0,0.0,0.0,0.0,0.0
2024-04-11 00:00:00+00:00,20.318571,20.525238,21.2561,47.36842,0.09121756,21.388317,19.662159,15.7232685,0.39071438,-0.0054054353,-0.0049164398,0.004466509,0.012796127,0.95219725,-1.1265597,-0.0100689,0.69541615,0.019304061,15.8,15.67,0.0547397,0.0,0.0,0.0,0.0,0.0
2024-04-12 00:00:00+00:00,20.122858,20.49238,21.222599,33.064526,0.006047141,21.462904,19.521858,4.484323,0.41785717,-0.039031573,-0.035696544,-0.034260113,0.0154105285,0.9164759,-14.632816,-0.018032242,1.4890531,0.021483647,14.91,15.382,-0.056329135,0.0,0.0,0.0,0.0,0.0
2024-04-15 00:00:00+00:00,19.95,20.431429,21.1888,31.297695,-0.086277924,21.569923,19.292933,0.60849446,0.42464298,-0.016452525,-0.055308685,-0.06271439,0.015339396,0.9028354,-20.954554,-0.023563128,0.5667955,0.02219774,17.31,15.638,0.16096577,0.0,0.0,0.0,0.0,0.0
2024-04-16 00:00:00+00:00,19.801428,20.386667,21.15545,30.41237,-0.15762916,21.651726,19.121609,4.6692195,0.42464298,0.0,-0.046360932,-0.0468361,0.015023417,0.90425867,-16.956047,-0.028706897,0.96893775,0.02219774,19.23,16.446,0.11091855,0.0,0.0,0.0,0.0,0.0
2024-04-17 00:00:00+00:00,19.63857,20.328094,21.12105,24.861876,-0.2133301,21.710667,18.945524,9.52382,0.42035717,-0.0010454026,-0.06093365,-0.060471952,0.014596474,0.9047846,-8.202652,-0.033919733,1.4584318,0.0219967,18.4,17.13,-0.043161724,0.0,0.0,0.0,0.0,0.0
2024-04-18 00:00:00+00:00,19.525715,20.28381,21.0853,16.564396,-0.24177581,21.741169,18.826448,15.384621,0.40392876,0.008372571,-0.04792487,-0.04603962,0.014765096,0.9139069,-14.7333,-0.037374377,0.7416753,0.020961523,18.21,17.612,-0.010326116,0.0,0.0,0.0,0.0,0.0
2024-04-19 00:00:00+00:00,19.415714,20.254286,21.053,23.595514,-0.23657775,21.743547,18.765022,27.756645,0.41321453,0.016087154,0.0066837613,-0.03069311,0.015289541,0.93003374,-6.8168573,-0.04140215,0.83599526,0.021103898,18.0,18.23,-0.011532076,0.0,0.0,0.0,0.0,0.0
2024-04-22 00:00:00+00:00,19.321428,20.214762,21.0224,25.225231,-0.22980915,21.730488,18.699036,29.795914,0.40857178,0.0,0.023523303,-0.040666338,0.015056006,0.9313875,0.36335513,-0.0441921,0.73264116,0.020866781,18.71,18.51,0.039444394,0.0,0.0,0.0,0.0,0.0
2024-04-23 00:00:00+00:00,19.34,20.160952,20.9922,28.767128,-0.22188722,21.683054,18.63885,37.823803,0.41071457,0.0,0.023523303,-0.054562975,0.014581604,0.9327274,12.202732,-0.040719904,1.3096217,0.020976217,16.94,18.052,-0.09460174,0.0,0.0,0.0,0.0,0.0
2024-04-24 00:00:00+00:00,19.374287,20.10238,20.96295,31.698124,-0.229904,21.648006,18.556757,30.057838,0.4007146,-0.010725183,0.013605454,-0.059708714,0.0146800885,0.92401123,8.10261,-0.03621933,1.44067,0.020687371,15.69,17.51,-0.0737899,0.0,0.0,0.0,0.0,0.0
2024-04-25 00:00:00+00:00,19.374287,20.03,20.93235,30.882345,-0.2527104,21.6099,18.450102,17.49992,0.38892895,-0.012390381,-0.007265246,-0.07360777,0.01477089,0.9138964,5.6571145,-0.032736585,1.6073904,0.02033083,15.97,17.062,0.017845806,0.0,0.0,0.0,0.0,0.0
2024-04-26 00:00:00+00:00,19.36143,19.939047,20.90205,27.636372,-0.2764736,21.521248,18.356848,10.625002,0.39214325,-0.0057500633,-0.028600587,-0.09125656,0.014245569,0.9099586,-1.1307558,-0.028969219,1.0047581,0.020617405,15.37,16.536,-0.03757047,0.0,0.0,0.0,0.0,0.0
2024-04-29 00:00:00+00:00,19.302856,19.815714,20.8701,27.941193,-0.3047043,21.30425,18.327177,1.5480804,0.39464325,-0.00841219,-0.03677218,-0.12074593,0.012577022,0.9036852,-3.7569315,-0.025881315,1.0859654,0.020924868,15.03,15.8,-0.022121025,0.0,0.0,0.0,0.0,0.0
2024-04-30 00:00:00+00:00,19.22857,19.70143,20.8384,25.475243,-0.30739567,21.018383,18.384474,18.811855,0.38321468,0.010604393,-0.026557736,-0.111835964,0.013025545,0.91465753,-5.4071026,-0.024001144,0.9213699,0.020105692,14.67,15.346,-0.023952072,0.0,0.0,0.0,0.0,0.0
2024-05-01 00:00:00+00:00,19.12,19.586666,20.8078,24.275328,-0.32514647,20.75591,18.417421,6.4516077,0.38178608,-0.012591803,-0.028394483,-0.1135186,0.01306907,0.9044685,-3.3610444,-0.023825718,1.7987888,0.020286178,15.65,15.338,0.06680297,0.0,0.0,0.0,0.0,0.0
2024-05-02 00:00:00+00:00,19.015715,19.492857,20.7776,34.999977,-0.33295518,20.55798,18.427734,19.534962,0.34464332,0.0015940854,-0.014636633,-0.094620526,0.01276826,0.90722704,7.058784,-0.024477815,0.86148167,0.018283455,15.39,15.222,-0.016613374,0.0,0.0,0.0,0.0,0.0
2024-05-03 00:00:00+00:00,18.98,19.434761,20.74915,49.743633,-0.31374028,20.437052,18.432472,44.651264,0.3435718,0.014323631,0.0052576433,-0.0599803,0.0126784,0.9214836,24.26839,-0.023399394,1.4802784,0.017969226,14.68,15.084,-0.046133853,0.0,0.0,0.0,0.0,0.0
2024-05-06 00:00:00+00:00,18.99,19.38857,20.72015,51.72418,-0.2887287,20.336481,18.440662,52.093113,0.3389289,0.004184096,0.01802758,-0.04809119,0.012702035,0.92663425,27.448853,-0.020557007,1.0229715,0.017652538,13.49,14.776,-0.081062704,0.0,0.0,0.0,0.0,0.0
2024-05-07 00:00:00+00:00,18.998571,19.332857,20.693,49.295757,-0.27541512,20.202412,18.463303,40.930252,0.34785748,-0.0062500434,0.001049342,-0.05777778,0.012646902,0.92205095,14.295782,-0.017291049,1.614215,0.018231515,13.49,14.54,0.0,0.0,0.0,0.0,0.0,0.0
2024-05-08 00:00:00+00:00,19.172857,19.333809,20.67335,63.636356,-0.18207353,20.206747,18.460873,90.56606,0.40857166,0.0524109,0.06695007,0.0009970318,0.017343825,0.9712988,13.892725,-0.008324912,1.7220572,0.020347184,13.23,14.056,-0.019273553,0.0,0.0,0.0,0.0,0.0
2024-05-09 00:00:00+00:00,19.37143,19.338572,20.6548,64.356445,-0.07735201,20.23555,18.441593,88.72552,0.43285736,0.018426336,0.08488066,0.0049140234,0.017527755,0.99008465,12.632266,0.0016990568,1.3515201,0.02116661,13.0,13.578,-0.017384697,0.0,0.0,0.0,0.0,0.0
2024-05-10 00:00:00+00:00,19.617144,19.352858,20.6319,65.38463,0.01275577,20.317163,18.388552,93.13729,0.4285717,0.0044009853,0.07426778,0.014822192,0.017496558,0.9955458,16.08887,0.01365617,0.8214087,0.020865213,12.69,13.179999,-0.023846187,0.0,0.0,0.0,0.0,0.0
2024-05-13 00:00:00+00:00,19.858572,19.404762,20.61115,65.38463,0.083207674,20.499544,18.30998,93.13729,0.41107178,0.0,0.069791675,0.056041136,0.014934158,0.99654806,1.7482693,0.023386512,0.8435779,0.02001322,12.55,12.992,-0.011032261,0.0,0.0,0.0,0.0,0.0
2024-05-14 00:00:00+00:00,20.035715,19.463333,20.59175,66.0194,0.12309779,20.625889,18.30078,80.18652,0.42285743,-0.008763403,0.06708599,0.064297,0.014529785,0.9887455,1.6629568,0.029408166,1.147287,0.020769017,13.6,13.014,0.083665356,0.0,0.0,0.0,0.0,0.0
2024-05-15 00:00:00+00:00,20.24,19.534761,20.5729,74.03847,0.17448626,20.791784,18.27774,86.147125,0.44607162,0.013261225,0.0273904,0.07841088,0.014677105,1.0027754,8.653843,0.036101684,1.1681383,0.021622464,13.42,13.052,-0.013235317,0.0,0.0,0.0,0.0,0.0
2024-05-16 00:00:00+00:00,20.448572,19.602858,20.5572,74.51615,0.20558009,20.916876,18.288837,82.2511,0.46892875,-0.0043624938,0.0044009853,0.07482994,0.014748424,0.9991633,9.131521,0.043142386,4.3198366,0.022830015,12.45,12.942,-0.0722802,0.0,0.0,0.0,0.0,0.0
2024-05-17 00:00:00+00:00,20.522858,19.666191,20.54195,79.000015,0.23238483,21.03969,18.292692,84.84848,0.48214298,0.0029211033,0.0029211033,0.0690192,0.014707101,1.002826,12.980612,0.043560367,2.7913163,0.023404988,12.42,12.8880005,-0.0024096172,0.0,0.0,0.0,0.0,0.0
2024-05-20 00:00:00+00:00,20.525715,19.708572,20.5248,74.06143,0.240367,21.125149,18.291994,79.220726,0.48642868,-0.006310731,-0.0034080623,0.045454513,0.014543443,0.99733,0.022958567,0.041461274,1.1636926,0.023762992,11.99,12.776,-0.034621604,0.0,0.0,0.0,0.0,0.0
2024-05-21 00:00:00+00:00,20.434286,19.72381,20.50435,66.564415,0.19841154,21.141462,18.306156,54.545433,0.5114287,-0.027845614,-0.022593368,0.016343191,0.015956493,0.97052574,-7.9517336,0.03602122,0.91046417,0.025699923,12.15,12.486,0.013344442,0.0,0.0,0.0,0.0,0.0
2024-05-22 00:00:00+00:00,20.352858,19.742382,20.48655,66.96969,0.16886337,21.162338,18.322424,51.364723,0.51571435,0.0035175728,-0.031992238,0.019918254,0.015965125,0.97478586,-12.03033,0.030922085,1.0116065,0.025824443,11.86,12.174,-0.023868311,0.0,0.0,0.0,0.0,0.0
2024-05-23 00:00:00+00:00,20.284285,19.766666,20.46825,62.179466,0.13660923,21.177288,18.356045,46.898216,0.5096429,-0.0045067677,-0.03213251,0.026329288,0.015792359,0.9712603,-11.881964,0.026186427,0.5613,0.025635948,12.29,12.142,0.03625635,0.0,0.0,0.0,0.0,0.0
2024-05-24 00:00:00+00:00,20.114286,19.78143,20.44855,53.448277,0.07468248,21.17039,18.392467,25.06207,0.52714294,-0.022132728,-0.056310672,0.016204987,0.01634961,0.9506787,-13.11614,0.016826726,0.59203815,0.027116392,12.77,12.212,0.039056182,0.0,0.0,0.0,0.0,0.0
2024-05-28 00:00:00+00:00,19.944286,19.797144,20.42855,53.913055,0.018133795,21.157085,18.4372,11.845735,0.52500004,-0.0046296376,-0.054714166,0.017350154,0.016328668,0.9472038,-13.056631,0.0074325083,0.88203186,0.02713177,11.93,12.156,0.0,0.0,0.0,0.0,0.0,0.0
2024-05-29 00:00:00+00:00,19.751429,19.815714,20.40795,33.725475,-0.034354623,21.131853,18.499575,8.108086,0.465,-0.0051679784,-0.032663297,0.020678652,0.016250879,0.94325984,-28.453989,-0.003244196,0.5844459,0.024155833,12.92,12.368,0.08298405,0.0,0.0,0.0,0.0,0.0
2024-05-30 00:00:00+00:00,19.522858,19.806667,20.3837,19.140574,-0.10539985,21.147015,18.466318,0.9524026,0.44428566,-0.019740216,-0.05508255,-0.009968448,0.016706144,0.9257397,-34.3077,-0.014328994,0.48016053,0.023544537,14.28,12.766,0.10526313,0.0,0.0,0.0,0.0,0.0
2024-05-31 00:00:00+00:00,19.392857,19.814762,20.36395,20.077133,-0.15028836,21.131935,18.49759,7.1089845,0.44678566,0.0063592438,-0.044768583,0.009032948,0.016522404,0.9325303,-33.83592,-0.021292446,0.635013,0.023527404,14.47,13.106,0.0133053595,0.0,0.0,0.0,0.0,0.0
2024-06-03 00:00:00+00:00,19.297142,19.836191,20.34415,28.620615,-0.15901542,21.101046,18.571335,21.800898,0.4599999,0.016324352,-0.0072017126,0.023872618,0.016877512,0.94867563,-5.104859,-0.027174952,1.1407353,0.02383418,12.92,13.304,-0.10711819,0.0,0.0,0.0,0.0,0.0
2024-06-04 00:00:00+00:00,19.205715,19.841906,20.3257,29.85605,-0.16882701,21.094193,18.589617,18.957323,0.44107124,-0.0031087808,-0.005684786,0.0062760944,0.01662964,0.9465849,10.715476,-0.03206296,0.5730358,0.02292469,13.11,13.54,0.01470585,0.0,0.0,0.0,0.0,0.0
2024-06-05 00:00:00+00:00,19.164286,19.839523,20.30755,21.538412,-0.1817697,21.097116,18.58193,14.726819,0.42357117,-0.0046777627,-0.005194825,-0.002604226,0.016641993,0.942999,1.4612782,-0.034034982,0.67727137,0.022118589,13.16,13.588,0.0038138973,0.0,0.0,0.0,0.0,0.0
2024-06-06 00:00:00+00:00,19.112858,19.835238,20.28815,20.97372,-0.20260204,21.104263,18.566214,8.000004,0.40464264,-0.008355084,0.0063592438,-0.004716989,0.016687836,0.93601435,-7.646895,-0.036419064,0.7690853,0.021308186,12.63,13.258,-0.040273536,0.0,0.0,0.0,0.0,0.0
2024-06-07 00:00:00+00:00,19.024286,19.76619,20.2668,16.834967,-0.24533284,21.133282,18.3991,4.954898,0.40749973,-0.018957378,-0.018957378,-0.07221119,0.01209578,0.9192373,-13.021082,-0.037534025,1.0314872,0.021873297,12.58,12.88,-0.003958843,0.0,0.0,0.0,0.0,0.0
2024-06-10 00:00:00+00:00,18.955713,19.668095,20.24005,16.233725,-0.29516083,21.121983,18.214209,0.9173654,0.4096425,-0.012882436,-0.047150254,-0.10073356,0.011151681,0.90859455,-5.304687,-0.036220133,0.65816635,0.022275273,12.22,12.74,-0.028616825,0.0,0.0,0.0,0.0,0.0
2024-06-11 00:00:00+00:00,18.855715,19.560953,20.2134,19.157053,-0.3388133,21.075336,18.04657,10.024539,0.3849997,-0.005437655,-0.049376242,-0.109542355,0.010942406,0.90484536,-1.8166682,-0.036053356,0.60205644,0.021049725,12.74,12.666,0.04255315,0.0,0.0,0.0,0.0,0.0
2024-06-12 00:00:00+00:00,18.737143,19.462381,20.18745,22.426405,-0.35479397,20.978586,17.946177,18.826416,0.38214248,0.0098413555,-0.035509154,-0.10077904,0.011389202,0.91492486,5.5914383,-0.037263576,0.8459884,0.020689892,12.85,12.604,0.008634271,0.0,0.0,0.0,0.0,0.0
2024-06-13 00:00:00+00:00,18.554285,19.348095,20.1624,19.42669,-0.40395498,20.940044,17.756145,2.9999733,0.40892833,-0.027612358,-0.05423911,-0.117878266,0.012399874,0.8907669,3.1929638,-0.041027777,0.7211573,0.022768827,12.04,12.486,-0.06303505,0.0,0.0,0.0,0.0,0.0
2024-06-14 00:00:00+00:00,18.394285,19.224285,20.1377,24.548708,-0.43228382,20.80186,17.646711,11.473536,0.39514256,0.0038976395,-0.03220604,-0.12602998,0.011832492,0.8953357,5.391656,-0.04317454,0.6366279,0.021915825,11.94,12.358,-0.00830568,0.0,0.0,0.0,0.0,0.0
2024-06-17 00:00:00+00:00,18.262857,19.106667,20.11375,26.470537,-0.44636163,20.639929,17.573404,18.604641,0.3890712,0.0022184695,-0.017400745,-0.12025322,0.01197343,0.8983904,4.0441313,-0.044163074,0.7531482,0.021531321,12.66,12.446,0.06030153,0.0,0.0,0.0,0.0,0.0
2024-06-18 00:00:00+00:00,18.285715,19.020475,20.09235,43.113777,-0.39486855,20.396608,17.644344,60.465195,0.42835698,0.039845116,0.02733734,-0.08786405,0.0155330775,0.93518186,23.68709,-0.03863002,1.0153052,0.02279706,12.75,12.448,0.0071090166,0.0,0.0,0.0,0.0,1.528402
2024-06-20 00:00:00+00:00,18.304285,18.927618,20.0697,44.582035,-0.37156352,20.147207,17.70803,44.767487,0.43442848,-0.0143693695,0.0027071547,-0.095261306,0.015685195,0.92278415,20.033325,-0.03293244,1.1039966,0.023457248,12.3,12.39,0.0,0.0,0.0,0.0,0.0,0.9967871
2024-06-21 00:00:00+00:00,18.382856,18.877142,20.0491,47.813416,-0.32354322,20.012539,17.741747,63.372128,0.43871418,0.0172786,0.048997834,-0.053266305,0.01543597,0.93969303,21.342878,-0.02618433,1.2770504,0.023286302,13.28,12.658,0.07967476,0.0,0.0,0.0,0.0,1.3610922
2024-06-24 00:00:00+00:00,18.391428,18.80857,20.0287,38.775528,-0.30696267,19.835514,17.78163,45.348896,0.44728565,-0.016454324,0.027731558,-0.0721081,0.015660923,0.9251724,-4.3382525,-0.022178313,2.8736863,0.024138445,13.2,12.766,-0.0060240906,0.0,0.0,0.0,0.0,0.9289924
2024-06-25 00:00:00+00:00,18.525715,18.761906,20.0113,45.45454,-0.26095846,19.666086,17.857723,76.158905,0.45442852,0.019967562,0.045932483,-0.049295753,0.016467554,0.94446635,0.87250733,-0.012588809,0.89709723,0.024043826,13.33,12.882,0.009848494,0.0,0.0,0.0,0.0,1.3890187
2024-06-26 00:00:00+00:00,18.614286,18.724285,19.9996,43.58974,-0.24188444,19.574076,17.874496,62.937023,0.45692852,-0.013227513,-0.0074508404,-0.040637907,0.016039755,0.93251866,-4.2236757,-0.005874709,0.69418967,0.024500176,12.84,12.99,-0.03675917,0.0,0.0,0.0,0.0,1.0125606
2024-06-27 00:00:00+00:00,18.688572,18.688095,19.98605,44.736843,-0.22897016,19.48931,17.88688,67.74196,0.4590713,-0.0032171295,0.0037796812,-0.039276496,0.016030483,0.9301488,5.9613175,2.5496103e-05,0.76262873,0.024694515,12.55,13.04,-0.022585666,0.0,0.0,0.0,0.0,1.0198108
2024-06-28 00:00:00+00:00,18.635714,18.648571,19.9678,47.091423,-0.22980404,19.414476,17.882666,54.032272,0.44621426,-0.009144706,-0.022292998,-0.04311688,0.016095804,0.92248523,1.6368821,-0.00068943494,0.84908855,0.02422443,12.24,12.832,-0.024701228,0.0,0.0,0.0,0.0,0.8887534
2024-07-01 00:00:00+00:00,18.587143,18.615715,19.9534,47.091423,-0.24698381,19.400686,17.830742,34.677452,0.45764282,-0.013029303,-0.01888831,-0.036566004,0.015789133,0.9111229,3.501683,-0.001534792,2.391177,0.02517286,12.44,12.68,0.016339853,0.0,0.0,0.0,0.0,0.7319183
2024-07-02 00:00:00+00:00,18.460001,18.56619,19.93515,45.45454,-0.27597666,19.382584,17.749796,16.129097,0.47085708,-0.0126512395,-0.05026449,-0.054765616,0.01585156,0.90041965,0.7176974,-0.005719548,0.89956796,0.026231576,12.22,12.458,-0.017684832,0.0,0.0,0.0,0.0,0.6280174
2024-07-03 00:00:00+00:00,18.418571,18.515715,19.91765,47.012993,-0.272413,19.270288,17.761139,39.516117,0.4651428,0.016155932,-0.021983907,-0.054922253,0.015841566,0.91577065,-0.07843106,-0.0052465033,0.6320162,0.025501236,12.03,12.296,-0.015548325,0.0,0.0,0.0,0.0,1.0572317
2024-07-05 00:00:00+00:00,18.334286,18.471428,19.9031,55.131973,-0.26093248,19.15311,17.789745,45.161255,0.43049988,0.0038377026,-0.015061898,-0.048336815,0.01590211,0.91995716,8.04055,-0.007424588,0.25750244,0.023511725,12.09,12.174,0.0,0.0,0.0,0.0,0.0,1.0676508
2024-07-08 00:00:00+00:00,18.285715,18.431429,19.88925,54.191605,-0.2489642,19.040602,17.822256,45.161255,0.41999993,0.0,-0.005971803,-0.04386424,0.01589897,0.9205978,8.737062,-0.007905745,0.54512244,0.02293827,12.48,12.182,0.032258015,0.0,0.0,0.0,0.0,1.0403645
2024-07-09 00:00:00+00:00,18.237143,18.39619,19.8752,52.678577,-0.24153644,18.95302,17.839361,33.031666,0.41857132,-0.0032768687,0.003850368,-0.038967866,0.0158362,0.91822976,5.665587,-0.008645678,0.7347516,0.022935404,12.37,12.212,-0.008814075,0.0,0.0,0.0,0.0,0.97919697
2024-07-10 00:00:00+00:00,18.20857,18.376667,19.86185,39.325798,-0.23535763,18.927786,17.825546,30.316671,0.38035694,-0.0016438733,0.0150417015,-0.022007508,0.015339686,0.91733646,-15.806176,-0.009147212,0.5664549,0.020875782,12.51,12.308,0.011317732,0.0,0.0,0.0,0.0,0.97695047
2024-07-11 00:00:00+00:00,18.14,18.34381,19.84615,35.95888,-0.2693159,18.9689,17.718718,1.901256,0.3860712,-0.028539987,-0.02960521,-0.03752032,0.01629929,0.89186066,-18.232721,-0.011110535,1.1297355,0.02181192,12.85,12.46,0.027178269,0.0,0.0,0.0,0.0,0.4813647
2024-07-12 00:00:00+00:00,18.135714,18.32619,19.833,33.68791,-0.27530244,18.977942,17.67444,18.939398,0.38107124,0.012429339,-0.021299804,-0.020229679,0.016558334,0.9035446,-18.990671,-0.010393664,1.5908856,0.021265123,12.92,12.626,0.005447447,0.0,0.0,0.0,0.0,0.92238855
2024-07-15 00:00:00+00:00,18.15,18.32,19.82055,46.757664,-0.24335115,18.968475,17.671524,51.145065,0.37392834,0.023437504,0.0016384865,-0.0070383954,0.017248396,0.92530227,7.431866,-0.00927948,0.5660083,0.020388667,12.46,12.622,-0.035603717,0.0,0.0,0.0,0.0,1.3268021
2024-07-16 00:00:00+00:00,18.12143,18.327143,19.8079,35.84229,-0.23389238,18.962128,17.692158,36.666687,0.36321408,-0.012540869,-0.0076711993,0.008351979,0.016340198,0.9142817,-0.116594896,-0.011224567,0.64135987,0.020055983,13.12,12.772,0.05296949,0.0,0.0,0.0,0.0,0.9441402
2024-07-17 00:00:00+00:00,18.112858,18.33762,19.79805,42.537304,-0.21264818,18.95913,17.716108,61.052574,0.36142853,0.0077305017,0.00164658,0.0122018475,0.016401075,0.92180794,8.849399,-0.012256866,0.6972465,0.019804291,13.19,12.908,0.0053353426,0.0,0.0,0.0,0.0,1.1407336
2024-07-18 00:00:00+00:00,18.14,18.355238,19.7897,47.330963,-0.17842379,18.965767,17.74471,70.000015,0.37071434,0.010410988,0.041807894,0.020475974,0.016535755,0.93179786,0.5732994,-0.011726239,0.811297,0.020103803,14.48,13.234,0.097801365,0.0,0.0,0.0,0.0,1.288654
2024-07-19 00:00:00+00:00,18.154285,18.332857,19.780901,48.188396,-0.15914921,18.909992,17.755722,59.090855,0.38142857,-0.0065076374,0.022321407,-0.025013369,0.014004559,0.9261459,12.346109,-0.009740498,0.6541406,0.020820327,15.93,13.8359995,0.10013818,0.0,0.0,0.0,0.0,1.0847257
2024-07-22 00:00:00+00:00,18.232857,18.32,19.77055,51.35135,-0.14781839,18.891628,17.748371,52.72725,0.36607143,-0.003820944,-0.0049073147,-0.014578858,0.013690942,0.92309016,8.814042,-0.0047566984,0.72961026,0.020058697,16.52,14.648,0.037037045,0.0,0.0,0.0,0.0,1.0382586
2024-07-23 00:00:00+00:00,18.277143,18.290953,19.76175,55.882336,-0.13885191,18.811295,17.77061,50.909023,0.3489286,-0.0010959154,0.0066261142,-0.03237795,0.01306331,0.9224891,8.551371,-0.00075498904,0.84164405,0.01914034,14.91,15.006,-0.09745766,0.0,0.0,0.0,0.0,1.0492034
2024-07-24 00:00:00+00:00,18.21857,18.26238,19.75275,43.51465,-0.15417609,18.793377,17.731386,23.636375,0.3496429,-0.016456349,-0.01753423,-0.032379944,0.013063426,0.9077217,-4.673748,-0.0023988883,0.6791996,0.019500429,14.72,15.312,-0.012743098,0.0,0.0,0.0,0.0,0.767202
2024-07-25 00:00:00+00:00,18.227142,18.22762,19.7448,47.265633,-0.14527994,18.671776,17.783463,45.45453,0.36285713,0.013385375,-0.014642106,-0.038624316,0.012593483,0.9202423,-4.085713,-2.612525e-05,0.5186005,0.019970112,18.04,16.024,0.22554351,0.0,0.0,0.0,0.0,1.1357986
2024-07-26 00:00:00+00:00,18.227142,18.208572,19.7357,48.863644,-0.13027266,18.608786,17.808357,52.72725,0.38857132,0.0044028577,-0.003820944,-0.021447701,0.012379304,0.92472017,-7.0186887,0.0010199257,0.6213747,0.021291569,18.46,16.53,0.023281494,0.0,0.0,0.0,0.0,1.1619596
2024-07-29 00:00:00+00:00,18.262857,18.213333,19.7298,57.284782,-0.081930466,18.634443,17.792225,91.47988,0.4046428,0.024109619,0.024109619,0.005379257,0.013514267,0.94729805,13.770132,0.0027190924,0.65715206,0.021650217,16.39,16.504,-0.11213433,0.0,0.0,0.0,0.0,1.5654588
2024-07-30 00:00:00+00:00,18.331429,18.231428,19.72535,59.354847,-0.034347024,18.717485,17.745373,91.86989,0.4085714,0.0058854306,0.031267125,0.020629704,0.013384074,0.9530882,12.089213,0.0054850266,0.8245488,0.02173251,16.6,16.842,0.012812751,0.0,0.0,0.0,0.0,1.4915127
2024-07-31 00:00:00+00:00,18.402857,18.258572,19.72125,69.96198,-0.00066367106,18.793745,17.723398,87.8049,0.40428558,-0.002659534,0.04573339,0.03135312,0.013024807,0.95075107,21.098337,0.0079023475,0.83640647,0.021561885,17.69,17.436,0.06566266,0.0,0.0,0.0,0.0,1.3427876
2024-08-01 00:00:00+00:00,18.44,18.284286,19.7171,60.67416,0.004993223,18.808979,17.759592,60.952366,0.4135712,-0.013866679,0.017611431,0.03008351,0.013093596,0.93776464,3.3893783,0.0085162865,2.6014106,0.02236728,16.36,17.1,-0.07518371,0.0,0.0,0.0,0.0,1.0617748
2024-08-02 00:00:00+00:00,18.539999,18.302856,19.7134,56.066933,0.020536402,18.84817,17.757545,74.28565,0.4007142,0.0075716274,0.020821871,0.021381546,0.01274226,0.94504243,-3.2879167,0.01295659,0.7761377,0.021509072,18.59,17.126,0.13630803,0.0,0.0,0.0,0.0,1.2878609
2024-08-05 00:00:00+00:00,18.632856,18.327143,19.7098,65.10638,0.04763681,18.917368,17.736917,92.38095,0.4092857,0.010198633,0.0069555463,0.027853645,0.012885754,0.9548549,-4.8556104,0.01668094,1.0534952,0.021747367,23.39,18.526001,0.2582033,0.0,0.0,0.0,0.0,1.4404534
2024-08-06 00:00:00+00:00,18.624285,18.321428,19.70185,48.943672,0.018070113,18.914667,17.728191,32.38099,0.4385714,-0.03347498,-0.032446742,-0.0065537374,0.014968317,0.92326355,-11.730488,0.016530197,1.2720822,0.024110563,38.57,22.92,0.64899534,0.0,0.0,0.0,0.0,0.7252304
2024-08-07 00:00:00+00:00,18.934286,18.445715,19.70585,72.74437,0.20769085,19.700666,17.190763,98.045616,0.59642845,0.14678395,0.11253337,0.14301373,0.035359062,1.058569,16.67744,0.026486965,2.3756623,0.028591953,27.71,24.924,-0.281566,0.0,0.0,0.0,0.0,3.6196294
2024-08-08 00:00:00+00:00,19.194286,18.56,19.70975,71.13973,0.33474198,20.126959,16.993042,86.562546,0.60785687,-0.011505262,0.115197465,0.13172346,0.035543762,1.0461828,6.0333557,0.034174856,1.3036929,0.02947898,27.85,27.222,0.0050523747,0.0,0.0,0.0,0.0,2.37203
2024-08-09 00:00:00+00:00,19.551428,18.729048,19.7173,75.000015,0.48072508,20.63552,16.822575,96.72831,0.65214264,0.03055282,0.14063343,0.20056492,0.03496794,1.0777338,26.056345,0.043909363,1.2153901,0.030689051,23.79,28.262,-0.14578095,0.0,0.0,0.0,0.0,2.8079927
2024-08-12 00:00:00+00:00,19.912857,18.876667,19.724,72.46379,0.57127345,20.988987,16.764347,90.18494,0.6567854,-0.010823508,0.11689696,0.1729911,0.035230543,1.0657067,-0.28057846,0.054892637,1.122586,0.031245723,20.37,27.658,-0.14375788,0.0,0.0,0.0,0.0,2.2030401
2024-08-13 00:00:00+00:00,20.264286,19.00762,19.72955,76.421425,0.64128965,21.312405,16.702833,92.1764,0.65642834,0.0033301471,0.15942824,0.14994547,0.03506792,1.068955,5.281693,0.066113815,0.9424457,0.031125084,20.71,24.086,0.016691126,0.0,0.0,0.0,0.0,2.2073364
2024-08-14 00:00:00+00:00,20.624287,19.161428,19.7376,76.460785,0.7087805,21.639236,16.68362,95.568695,0.65642834,0.011853959,0.023010524,0.17835447,0.034783505,1.0811851,1.4607706,0.07634382,0.89338195,0.03076045,18.12,22.168001,-0.12506028,0.0,0.0,0.0,0.0,2.3571067
2024-08-15 00:00:00+00:00,21.05143,19.300953,19.75005,74.13511,0.7408172,21.890656,16.71125,90.841965,0.6428569,-0.0074976496,0.027158072,0.16054796,0.034956057,1.0724024,1.6713169,0.09069374,0.8878972,0.030352056,16.19,19.836,-0.10651215,0.0,0.0,0.0,0.0,2.0316315
2024-08-16 00:00:00+00:00,21.152857,19.45,19.76685,73.92028,0.78858584,22.187649,16.71235,98.57749,0.6360712,0.018413568,0.015058809,0.16973965,0.03503113,1.0912209,-2.5011425,0.08755046,0.583967,0.029488685,15.23,18.124,-0.059295923,0.0,0.0,0.0,0.0,2.405468
2024-08-19 00:00:00+00:00,21.302856,19.609524,19.782,73.87689,0.82500196,22.45876,16.760288,98.89046,0.6339283,0.0046360865,0.030922912,0.18286029,0.034883883,1.0954403,-2.5838933,0.08635256,0.6204607,0.029253716,14.8,17.01,-0.028233707,0.0,0.0,0.0,0.0,2.3122914
2024-08-20 00:00:00+00:00,21.358572,19.770952,19.7972,74.12354,0.84173816,22.680178,16.861727,92.66053,0.6185713,-0.001384434,0.026078673,0.18575339,0.034844648,1.0930839,-0.011566764,0.08030055,0.5605325,0.028584613,14.65,15.798,-0.010135174,0.0,0.0,0.0,0.0,2.1618633
2024-08-21 00:00:00+00:00,21.434286,19.929049,19.81055,76.288666,0.83807856,22.84739,17.010706,90.30142,0.6124998,-0.004158972,0.009840632,0.18211737,0.03489401,1.0878042,2.3683856,0.075529814,0.6338083,0.028422251,15.88,15.35,0.08395908,0.0,0.0,0.0,0.0,2.0176995
2024-08-22 00:00:00+00:00,21.52,20.108095,19.82285,76.28867,0.8368288,22.972187,17.244003,93.971176,0.6117855,0.0064965803,0.02407933,0.20970441,0.034428332,1.0941918,2.4117799,0.070215695,0.4753949,0.028205864,16.27,15.366,0.024559215,0.0,0.0,0.0,0.0,2.1493113
2024-08-23 00:00:00+00:00,21.551428,20.269524,19.8338,73.78472,0.8159427,23.055908,17.483139,90.56355,0.61999977,-0.0059935944,-0.00046361747,0.18657124,0.034582037,1.0870333,-0.33882344,0.06324293,0.686616,0.028756933,17.55,15.83,0.07867233,0.0,0.0,0.0,0.0,1.9379603
2024-08-26 00:00:00+00:00,21.642857,20.439524,19.84615,83.673454,0.8110212,23.142792,17.736256,95.022385,0.58999974,0.01205938,0.0069219945,0.19561642,0.03457474,1.0994575,7.3847885,0.058872823,0.38573977,0.02703939,15.86,16.042,-0.09629627,0.0,0.0,0.0,0.0,2.2086
2024-08-27 00:00:00+00:00,21.69857,20.595238,19.85795,69.230736,0.809091,23.251556,17.938921,94.22485,0.4128569,0.0064161043,0.014787417,0.1749598,0.034405153,1.1058543,-7.0579348,0.053572215,0.54097664,0.018800398,16.15,16.342,0.018284991,0.0,0.0,0.0,0.0,2.228969
2024-08-28 00:00:00+00:00,21.734285,20.743809,19.87175,74.43608,0.7951675,23.326393,18.161226,89.88095,0.39499992,-0.0018214486,0.017169412,0.1659575,0.034472454,1.1030735,0.65135795,0.047748,0.5829286,0.01802006,15.43,16.251999,-0.044582002,0.0,0.0,0.0,0.0,2.084208
2024-08-29 00:00:00+00:00,21.745714,20.885239,19.88425,60.538094,0.75924253,23.3309,18.439575,70.39993,0.35299996,-0.009124123,0.0013830696,0.15839997,0.03459975,1.0923218,-23.135359,0.041200176,0.50577265,0.016252292,17.11,16.42,0.10887883,0.0,0.0,0.0,0.0,1.8499203
2024-08-30 00:00:00+00:00,21.774286,21.040476,19.89725,67.98026,0.7248371,23.250042,18.830912,72.79999,0.35764286,0.0013812471,0.008812641,0.17631154,0.034286294,1.0931159,-1.2504772,0.034876063,0.7739626,0.016443342,15.65,16.04,-0.08533027,0.0,0.0,0.0,0.0,1.9292865
2024-09-03 00:00:00+00:00,21.811428,21.198572,19.9115,69.90739,0.7055755,23.14294,19.254202,85.56706,0.35192856,0.009195438,0.005957886,0.1782073,0.034286443,1.102378,-4.5286894,0.02891028,0.910249,0.016033184,15.0,15.6380005,0.0,0.0,0.0,0.0,0.0,2.1158235
2024-09-04 00:00:00+00:00,21.88857,21.354761,19.92495,68.44658,0.69440955,23.000698,19.708826,87.500046,0.36550003,0.0068336953,0.006375287,0.17428271,0.034285277,1.1091621,7.908484,0.024997195,0.9254812,0.016538456,20.72,16.696,0.3813333,0.0,0.0,0.0,0.0,2.1732075
2024-09-05 00:00:00+00:00,21.987143,21.560476,19.9395,78.787834,0.7104543,22.45218,20.668772,91.724205,0.3855001,0.01855203,0.026916066,0.2374931,0.032978192,1.128915,10.807575,0.019789286,1.6264181,0.017125718,21.32,17.538,0.028957548,0.0,0.0,0.0,0.0,2.4864862
2024-09-06 00:00:00+00:00,22.065714,21.639048,19.954,74.47913,0.7149286,22.561758,20.716337,88.27586,0.37550014,0.0,0.03637205,0.07909873,0.0107560465,1.1280947,4.571743,0.01971744,1.150358,0.016681474,19.9,18.388,-0.06660413,0.0,0.0,0.0,0.0,2.2794518
2024-09-09 00:00:00+00:00,22.2,21.745714,19.9699,77.41932,0.7382071,22.691263,20.800165,92.09043,0.38621452,0.015548662,0.05103451,0.10863238,0.0104616685,1.1447228,8.97274,0.020890817,1.417951,0.016894765,22.38,19.864,0.1246231,0.0,0.0,0.0,0.0,2.5508559
2024-09-10 00:00:00+00:00,22.411428,21.838572,19.98715,81.4516,0.7751551,22.948387,20.728756,98.50006,0.40835735,0.014873147,0.056947608,0.09176474,0.00900266,1.1607459,2.6637619,0.026231445,1.6328073,0.017601602,19.45,20.754,-0.1309204,0.0,0.0,0.0,0.0,2.7015688
2024-09-11 00:00:00+00:00,22.597143,21.935238,20.0029,79.527504,0.7833034,23.09797,20.772507,81.39533,0.4270003,-0.0064655826,0.042986374,0.096574634,0.008682911,1.1523329,5.048373,0.03017541,1.1332786,0.018524952,19.08,20.426,-0.019023178,0.0,0.0,0.0,0.0,2.3372474
2024-09-12 00:00:00+00:00,22.76,22.030476,20.01815,78.68847,0.7839518,23.2295,20.831451,83.18428,0.44521454,0.0017353977,0.025766322,0.094831675,0.008700019,1.1534532,1.2691476,0.033114295,0.9901346,0.019281695,17.69,19.7,-0.07285112,0.0,0.0,0.0,0.0,2.3451297
2024-09-13 00:00:00+00:00,22.9,22.113333,20.0323,82.75858,0.7747281,23.35179,20.874876,80.06199,0.43700027,-0.00043309783,0.025322065,0.08153701,0.00858318,1.1521393,1.306983,0.035574306,0.72929204,0.018934146,17.07,19.134,-0.035048097,0.0,0.0,0.0,0.0,2.276609
2024-09-16 00:00:00+00:00,23.025715,22.21857,20.04845,83.122314,0.7834021,23.49881,20.938332,96.07436,0.43878582,0.013431519,0.023184547,0.104343675,0.008422475,1.1666737,3.594814,0.036327384,0.87130415,0.018759541,16.56,17.97,-0.02987699,0.0,0.0,0.0,0.0,2.5499606
2024-09-17 00:00:00+00:00,23.15,22.304762,20.06455,81.69638,0.7804726,23.643965,20.965559,91.58415,0.44807148,-0.00042754292,0.0077585513,0.08391282,0.007882778,1.1652391,3.0079138,0.037894946,0.73027277,0.019164726,17.14,17.508,0.03502415,0.0,0.0,0.0,0.0,2.384354
2024-09-18 00:00:00+00:00,23.225714,22.386667,20.0811,83.25783,0.7700808,23.772398,21.000935,92.07921,0.44950008,0.0004277258,0.01475055,0.07937237,0.007915854,1.1647768,0.49924967,0.03747977,1.0371405,0.01921761,17.61,17.214,0.027421309,0.0,0.0,0.0,0.0,2.334103
2024-09-19 00:00:00+00:00,23.224285,22.460476,20.09485,83.257904,0.7372089,23.84429,21.076662,82.17827,0.45507145,-0.008550614,0.004330896,0.07162667,0.008290401,1.1540271,0.13558449,0.0340068,1.1725068,0.019623598,18.23,17.322,0.03520721,0.0,0.0,0.0,0.0,2.087836
2024-09-20 00:00:00+00:00,23.202856,22.524761,20.1059,73.27931,0.67991936,23.855335,21.19419,65.78949,0.46685722,-0.01250543,-0.0077989735,0.06264503,0.0088487575,1.1389692,-8.417065,0.030104414,1.0285627,0.02038677,16.33,17.174,-0.10422379,0.0,0.0,0.0,0.0,1.843455
2024-09-23 00:00:00+00:00,23.192858,22.588095,20.1179,72.3849,0.63685876,23.877771,21.298418,72.10532,0.47292873,0.0052402113,-0.015818682,0.061318576,0.008827694,1.1442547,-10.87293,0.026773462,4.6190605,0.020544244,16.15,17.092,-0.011022677,0.0,0.0,0.0,0.0,2.0751703
2024-09-24 00:00:00+00:00,23.184286,22.65762,20.13215,70.53568,0.5958642,23.86959,21.445646,65.80651,0.45864296,0.0,-0.015397721,0.067718044,0.008621101,1.1434447,-12.722219,0.023244558,1.174962,0.019923665,15.89,16.842,-0.016099026,0.0,0.0,0.0,0.0,2.0505266
2024-09-25 00:00:00+00:00,23.144285,22.719048,20.15075,65.62498,0.5641349,23.882505,21.55559,62.393284,0.44221443,0.0039096503,-0.011970876,0.059120115,0.008380553,1.1468556,-7.654337,0.018717242,0.8285784,0.019135188,15.39,16.398,-0.03146633,0.0,0.0,0.0,0.0,2.1317136
2024-09-26 00:00:00+00:00,23.09,22.768572,20.1617,62.06893,0.52407193,23.883871,21.653273,47.619083,0.44885716,-0.0047598705,-0.00819321,0.047358878,0.008491702,1.1407769,-10.315968,0.014117202,0.7229604,0.01951552,15.41,15.834,0.0012995129,0.0,0.0,0.0,0.0,1.9771032
2024-09-27 00:00:00+00:00,23.052856,22.82619,20.1743,57.45851,0.49708158,23.880732,21.771648,54.34782,0.43385723,0.0056521376,0.010043648,0.05520069,0.008469555,1.1465081,-13.077173,0.009930113,0.7067017,0.01875733,15.37,15.642,-0.0025957145,0.0,0.0,0.0,0.0,2.1313486
2024-09-30 00:00:00+00:00,23.062857,22.899525,20.18765,51.874977,0.48064095,23.838873,21.960175,66.857254,0.41992855,0.0056204526,0.010425706,0.07090244,0.008050163,1.1521896,-13.75,0.0071326056,0.7028341,0.01805367,16.96,15.804,0.10344823,0.0,0.0,0.0,0.0,2.207821
2024-10-01 00:00:00+00:00,23.095715,22.965239,20.19955,52.531635,0.45191228,23.746637,22.18384,51.999992,0.40842846,-0.00558904,0.0047783973,0.063448235,0.00827374,1.145075,-9.537296,0.0056814617,0.95636415,0.017657947,16.73,15.972,-0.013561294,0.0,0.0,0.0,0.0,2.0046382
2024-10-02 00:00:00+00:00,23.061428,23.004763,20.20825,41.79896,0.396334,23.640957,22.368567,11.49431,0.40449986,-0.015131798,-0.014279529,0.037813205,0.009026752,1.1272625,-15.659549,0.002463258,0.76391625,0.01775679,19.26,16.746,0.15122539,0.0,0.0,0.0,0.0,1.6759336
2024-10-03 00:00:00+00:00,23.005714,23.03,20.2161,38.916252,0.33630717,23.546179,22.513823,19.999968,0.4016428,-0.00658479,-0.016086994,0.023981845,0.009127552,1.1194048,-12.958727,-0.0010545291,0.94043833,0.017748239,18.9,17.444,-0.01869162,0.0,0.0,0.0,0.0,1.6606517
2024-10-04 00:00:00+00:00,22.885714,23.018572,20.2225,23.076973,0.2567272,23.5907,22.446444,1.5384977,0.4023571,-0.01590803,-0.037181094,-0.010661918,0.008941848,1.1012486,-29.454664,-0.0057717403,0.59639156,0.018067217,20.49,18.468,0.084126994,0.0,0.0,0.0,0.0,1.3944687
2024-10-07 00:00:00+00:00,22.765715,23.001905,20.22825,22.018393,0.18267757,23.651415,22.352394,2.8570728,0.39171425,-0.0049394076,-0.047291502,-0.015548662,0.008993619,1.0954976,-19.78057,-0.010268303,0.5039792,0.017676627,19.21,18.918,-0.06246953,0.0,0.0,0.0,0.0,1.4603696
2024-10-08 00:00:00+00:00,22.602858,22.960476,20.23085,20.085505,0.10901842,23.744963,22.17599,6.707349,0.39064285,-0.007671484,-0.049286615,-0.038057778,0.008295377,1.0869539,-18.830748,-0.015575414,0.6097072,0.01776456,22.64,20.1,0.17855287,0.0,0.0,0.0,0.0,1.393374
2024-10-09 00:00:00+00:00,22.401428,22.89619,20.23535,20.614065,0.038897853,23.808998,21.983383,5.2023225,0.3813572,-0.0063665025,-0.040825296,-0.05818967,0.00740636,1.0797936,-2.4629073,-0.021608908,0.7115871,0.01745341,21.42,20.532,-0.053886898,0.0,0.0,0.0,0.0,1.3662906
2024-10-10 00:00:00+00:00,22.172857,22.823809,20.2369,20.346361,-0.042010237,23.909985,21.737633,1.5075724,0.36850002,-0.014645294,-0.048607975,-0.06594354,0.007811433,1.0638982,-1.6720316,-0.028520739,0.65799,0.017115645,20.86,20.924,-0.026143765,0.0,0.0,0.0,0.0,1.1494612
2024-10-11 00:00:00+00:00,21.964285,22.739523,20.2367,14.58334,-0.121673234,23.999706,21.479342,3.1249866,0.3706428,-0.009753877,-0.042658318,-0.07665658,0.007849699,1.0535314,-5.502165,-0.03409208,0.7446963,0.01738474,20.93,21.012,0.00335569,0.0,0.0,0.0,0.0,1.1129378
2024-10-14 00:00:00+00:00,21.797142,22.66238,20.23755,19.291323,-0.17153263,24.02888,21.295883,9.37496,0.35707146,0.0065665757,-0.031588484,-0.070190676,0.00814128,1.060405,-1.3227426,-0.03817947,0.8977286,0.016638923,20.46,21.262,-0.022455864,0.0,0.0,0.0,0.0,1.403871
2024-10-15 00:00:00+00:00,21.70143,22.577143,20.2378,20.84944,-0.19747327,23.975945,21.17834,15.625019,0.35671425,0.0065238257,-0.017735306,-0.07652839,0.0075436523,1.0673097,0.5030785,-0.03878763,1.1224779,0.01651454,19.7,20.674,-0.03714557,0.0,0.0,0.0,0.0,1.5535692
2024-10-16 00:00:00+00:00,21.644285,22.5,20.23925,26.515167,-0.20278321,23.891502,21.108498,22.76787,0.36042854,0.0074074003,-0.004119,-0.069289945,0.0079017915,1.0751387,11.931828,-0.038031727,0.7195945,0.016563803,20.64,20.518,0.047715664,0.0,0.0,0.0,0.0,1.6823614
2024-10-17 00:00:00+00:00,21.607143,22.420952,20.24025,22.440983,-0.20702572,23.788504,21.053402,21.428553,0.35614273,-0.001378708,0.00928931,-0.0709705,0.007867985,1.0736033,3.1496603,-0.036296815,0.84325665,0.016389443,19.58,20.262,-0.051356565,0.0,0.0,0.0,0.0,1.5923023
2024-10-18 00:00:00+00:00,21.55,22.338095,20.23965,16.356894,-0.23032644,23.72071,20.95548,8.928606,0.36078563,-0.012885356,0.006097611,-0.07503233,0.0080624055,1.059801,-4.4925456,-0.035280306,0.74583614,0.016819835,19.11,19.898,-0.024004051,0.0,0.0,0.0,0.0,1.3128601
2024-10-21 00:00:00+00:00,21.577143,22.281904,20.2419,25.088324,-0.22441885,23.66452,20.89929,24.352293,0.35649994,0.012587344,0.012115575,-0.051528398,0.0085340785,1.0730218,-1.4268429,-0.03162933,0.9999207,0.016413433,18.03,19.412,-0.056514908,0.0,0.0,0.0,0.0,1.6959772
2024-10-22 00:00:00+00:00,21.805714,22.277143,20.252,51.902164,-0.12150635,23.649734,20.904552,78.03741,0.44007137,0.055248655,0.061111096,-0.004344065,0.015183288,1.1317401,29.461182,-0.021161979,2.692566,0.019200314,18.37,19.146,0.018857468,0.0,0.0,0.0,0.0,2.823706
2024-10-23 00:00:00+00:00,22.015715,22.272858,20.2599,54.237305,-0.03869447,23.636238,20.909477,78.50471,0.4500712,0.00043631016,0.053768385,-0.0039096503,0.01518373,1.1317924,37.880413,-0.011545112,1.2550006,0.019628042,18.2,18.658,-0.009254223,0.0,0.0,0.0,0.0,2.3416994
2024-10-24 00:00:00+00:00,22.181429,22.256191,20.26555,57.313427,0.013066331,23.5847,20.927681,70.560776,0.4547141,-0.0074138716,0.04739994,-0.015144975,0.01523597,1.1230882,32.225105,-0.0033591448,0.74526495,0.019978642,19.24,18.59,0.0571428,0.0,0.0,0.0,0.0,2.0205622
2024-10-25 00:00:00+00:00,22.354286,22.254763,20.27115,61.73913,0.070222825,23.579973,20.92955,80.373825,0.46178558,0.009226673,0.0708624,-0.0013043777,0.015351144,1.1331375,9.836961,0.0044720215,0.81756556,0.02010385,19.08,18.584,-0.008316001,0.0,0.0,0.0,0.0,2.2199068
2024-10-28 00:00:00+00:00,22.484285,22.231428,20.2755,59.00277,0.08787852,23.508287,20.954569,64.95326,0.46428558,-0.0143665625,0.04235728,-0.021184599,0.015605174,1.1166185,4.7654624,0.011373853,0.5969522,0.020507306,20.33,19.044,0.065513626,0.0,0.0,0.0,0.0,1.7760818
2024-10-29 00:00:00+00:00,22.688572,22.213333,20.28025,63.88139,0.119855136,23.438704,20.987963,76.168205,0.46428543,0.010600697,-0.0017452406,-0.016337106,0.015746513,1.1281912,6.56796,0.021394253,0.7672997,0.020292187,19.8,19.33,-0.026069881,0.0,0.0,0.0,0.0,2.0980928
2024-10-30 00:00:00+00:00,22.84,22.196667,20.2866,67.90832,0.13556509,23.378416,21.014917,71.49538,0.4567141,-0.0043705627,-0.0065416317,-0.015131798,0.01572971,1.1229087,6.1691937,0.028983314,0.9561564,0.020048898,19.34,19.558,-0.023232277,0.0,0.0,0.0,0.0,1.9082004
2024-10-31 00:00:00+00:00,22.835714,22.201904,20.2949,73.156364,0.15510339,23.395432,21.008379,76.19046,0.46242836,0.00482874,0.005711738,0.00482874,0.015408143,1.1278695,14.1536,0.02854751,1.1636384,0.020202192,20.35,19.78,0.052223384,0.0,0.0,0.0,0.0,2.025295
2024-11-01 00:00:00+00:00,22.835714,22.21619,20.30465,72.34046,0.17183456,23.438082,20.994299,78.09527,0.48771408,0.001747528,-0.0017413587,0.01325679,0.015327979,1.129298,8.459075,0.02788612,2.3113642,0.021269685,23.16,20.596,0.1380835,0.0,0.0,0.0,0.0,2.0115297
2024-11-04 00:00:00+00:00,22.831429,22.238094,20.3136,66.86568,0.16703032,23.48036,20.995829,67.32671,0.48628563,-0.008722231,0.0039752717,0.020655548,0.015014829,1.1189548,-1.042644,0.02668092,1.018982,0.02139399,21.88,20.906,-0.055267733,0.0,0.0,0.0,0.0,1.7719325
2024-11-05 00:00:00+00:00,22.841429,22.28,20.32525,68.285736,0.18609229,23.569666,20.990334,82.67333,0.48985714,0.013638424,0.0069930837,0.03971124,0.015188783,1.1335654,-4.870634,0.025198756,1.1106752,0.02126115,21.98,21.342,0.0045704017,0.0,0.0,0.0,0.0,2.1404347
2024-11-06 00:00:00+00:00,22.925714,22.339048,20.3392,70.49183,0.21406277,23.685255,20.99284,84.54544,0.5198571,0.008246467,0.01975412,0.056389257,0.015080705,1.1421294,-1.8486383,0.026261926,1.1159376,0.022378689,20.49,21.572,-0.06778889,0.0,0.0,0.0,0.0,2.2144806
2024-11-07 00:00:00+00:00,22.87143,22.37,20.34715,62.773724,0.1753039,23.69876,21.04124,51.02975,0.57521427,-0.03142486,-0.017037982,0.029748267,0.016736256,1.105806,-4.0919533,0.02241522,1.0294601,0.025565067,16.27,20.756,-0.20595409,0.0,0.0,0.0,0.0,1.3711327
2024-11-08 00:00:00+00:00,22.898571,22.438572,20.35985,64.50117,0.18043233,23.733458,21.143684,60.784256,0.6459285,0.020888858,0.0017443963,0.066883355,0.0168154,1.1282008,-3.7845657,0.020500405,1.6819367,0.028120516,15.2,19.164,-0.06576525,0.0,0.0,0.0,0.0,2.0877724
2024-11-11 00:00:00+00:00,23.011429,22.550953,20.3745,59.94765,0.23903239,23.847748,21.254158,97.6191,0.5894999,0.030909926,0.04179502,0.110694215,0.017570969,1.1622372,-10.544172,0.020419363,0.96737266,0.02489441,14.94,17.776,-0.017105278,0.0,0.0,0.0,0.0,2.668606
2024-11-12 00:00:00+00:00,23.132856,22.661428,20.3892,60.869576,0.2901973,23.963156,21.359703,94.56529,0.5802142,0.004222989,0.032118045,0.108108185,0.017569011,1.1663038,-1.9041475,0.02080312,0.81622106,0.024399241,14.97,16.374,0.0020080782,0.0,0.0,0.0,0.0,2.4536648
2024-11-13 00:00:00+00:00,23.264286,22.759048,20.40225,61.498703,0.31660625,24.033644,21.484451,84.29313,0.57114285,-0.0054668235,0.018080072,0.09490737,0.017712813,1.1591859,-3.002465,0.022199435,0.6342137,0.024149794,14.71,15.218,-0.017368084,0.0,0.0,0.0,0.0,2.1817765
2024-11-14 00:00:00+00:00,23.278572,22.824762,20.4136,52.038372,0.2930052,24.023037,21.626486,57.59155,0.5911428,-0.021564493,0.028444417,0.06341908,0.018579993,1.133558,-7.9092827,0.019882321,0.9682433,0.02554635,14.02,14.768,-0.046906836,0.0,0.0,0.0,0.0,1.654481
2024-11-15 00:00:00+00:00,23.332857,22.914286,20.42785,61.25291,0.30866823,24.048227,21.780344,82.198944,0.6075713,0.020311203,0.027862487,0.08651639,0.018918663,1.1557751,0.383335,0.018266827,0.8192659,0.025733633,14.31,14.59,0.020684732,0.0,0.0,0.0,0.0,2.2985883
2024-11-18 00:00:00+00:00,23.52143,23.027143,20.4425,60.98131,0.3341743,24.010792,22.043493,85.16748,0.63435704,0.0088944975,0.0059121363,0.11048946,0.01853242,1.1652195,-0.51739043,0.021465344,0.9370788,0.026631268,16.14,14.83,0.12788253,0.0,0.0,0.0,0.0,2.3564858
2024-11-19 00:00:00+00:00,23.62857,23.122381,20.45695,60.981285,0.3423722,23.949276,22.295485,80.38277,0.63835686,-0.004198169,-0.0025231864,0.09208103,0.018558236,1.1595081,8.942916,0.02189179,0.90814745,0.02691217,15.58,14.952,-0.034696374,0.0,0.0,0.0,0.0,2.1275837
2024-11-20 00:00:00+00:00,23.63,23.159048,20.473,59.52382,0.34250033,24.015993,22.302101,78.94742,0.64764255,-0.001264704,0.0016913706,0.033595134,0.014454534,1.1571338,-1.7290937,0.020335563,0.62843233,0.027338212,16.35,15.28,0.049422365,0.0,0.0,0.0,0.0,2.0855484
2024-11-21 00:00:00+00:00,23.63,23.199524,20.4889,60.0,0.34587708,24.090647,22.308401,83.25365,0.6236425,0.0037990776,0.027657792,0.037069358,0.01445876,1.1606284,-0.9813129,0.018555382,0.47884712,0.026225494,17.16,15.908,0.04954125,0.0,0.0,0.0,0.0,2.1662123
2024-11-22 00:00:00+00:00,23.692858,23.262857,20.50675,65.59634,0.36931035,24.210068,22.315647,93.18183,0.63614243,0.013036142,0.020330349,0.05843585,0.014493357,1.1747352,4.6150494,0.018484399,0.5435851,0.0264069,16.87,16.42,-0.016899709,0.0,0.0,0.0,0.0,2.4253078
2024-11-25 00:00:00+00:00,23.827143,23.315714,20.5305,62.807873,0.38266334,24.316645,22.314783,89.86786,0.6228567,-0.00041511952,0.010915207,0.04832393,0.0144324545,1.1728891,3.284054,0.021934928,0.68079084,0.02586613,15.24,16.24,-0.09662128,0.0,0.0,0.0,0.0,2.2665155
2024-11-26 00:00:00+00:00,23.917143,23.391905,20.55505,62.531017,0.4015278,24.420023,22.363787,93.220345,0.60607094,0.006644512,0.021922449,0.070671394,0.01393544,1.1792723,2.531018,0.022453832,1.6594534,0.025002915,14.6,16.044,-0.04199471,0.0,0.0,0.0,0.0,2.3748665
2024-11-27 00:00:00+00:00,23.960001,23.450953,20.5777,73.68422,0.4021592,24.49785,22.404055,85.95048,0.55428517,-0.004950451,0.01815113,0.05419588,0.013944044,1.1721427,8.087887,0.021706901,0.75958085,0.022980304,14.1,15.594,-0.034246575,0.0,0.0,0.0,0.0,2.1569972
2024-11-29 00:00:00+00:00,24.018572,23.515238,20.6021,69.5946,0.39886853,24.554865,22.47561,79.62962,0.48357105,0.00041452408,0.014718186,0.059262443,0.013863147,1.1712397,6.786727,0.021404559,0.7291282,0.020040235,14.1,14.428,0.0,0.0,0.0,0.0,0.0,2.1703901
2024-12-02 00:00:00+00:00,24.074286,23.571905,20.62705,58.695656,0.3877563,24.598036,22.545774,73.23946,0.4464283,-0.002072078,-0.00041511952,0.051987793,0.013895324,1.1673992,-3.835364,0.021312693,0.5128382,0.018539373,13.51,14.082001,-0.04184398,0.0,0.0,0.0,0.0,2.1000433
2024-12-03 00:00:00+00:00,24.142857,23.635239,20.6531,60.084034,0.38899025,24.659145,22.611332,85.91556,0.4467855,0.007475096,0.007475096,0.058002613,0.013935796,1.1746421,-13.600186,0.021477204,0.7070582,0.018416543,13.34,13.83,-0.012583277,0.0,0.0,0.0,0.0,2.2825785
2024-12-04 00:00:00+00:00,24.055714,23.670952,20.67525,47.194714,0.32330182,24.611141,22.730762,30.985859,0.4833569,-0.032151718,-0.031353146,0.03299604,0.015725715,1.1356573,-22.399883,0.01625459,0.9620271,0.020585889,13.3,13.67,-0.0029984978,0.0,0.0,0.0,0.0,1.4210935
2024-12-05 00:00:00+00:00,23.924286,23.676666,20.69575,50.35212,0.24262512,24.602093,22.75124,43.10725,0.5362142,-0.013628608,-0.039801035,0.005208287,0.015813146,1.1190703,-8.343533,0.010458351,1.8545843,0.023152588,13.45,13.54,0.011278166,0.0,0.0,0.0,0.0,1.3808476
2024-12-06 00:00:00+00:00,23.765715,23.671906,20.7149,39.99995,0.17425871,24.607952,22.735857,41.79431,0.52478546,-0.0012953664,-0.04144219,-0.0043047946,0.015712181,1.1165875,-20.084084,0.0039628986,0.95721084,0.02268851,13.54,13.428,0.0066914614,0.0,0.0,0.0,0.0,1.5504996
2024-12-09 00:00:00+00:00,23.582857,23.688095,20.73315,30.24191,0.09557559,24.547646,22.828547,29.102886,0.51335704,-0.012537788,-0.05149501,0.015111118,0.0143063655,1.1016175,-16.952805,-0.0044426653,0.71469057,0.022476217,12.77,13.28,-0.0568685,0.0,0.0,0.0,0.0,1.3434606
2024-12-10 00:00:00+00:00,23.394285,23.680475,20.7513,31.120304,0.03044689,24.569103,22.79185,27.789946,0.5265714,-0.0013135151,-0.0597692,-0.006965601,0.01354881,1.0992082,-19.231817,-0.012085507,1.1295462,0.023085102,14.19,13.45,0.111198045,0.0,0.0,0.0,0.0,1.471274
2024-12-11 00:00:00+00:00,23.202856,23.635714,20.7703,30.612206,-0.026510868,24.614563,22.656866,24.726501,0.5283572,-0.0030688161,-0.031516176,-0.039695967,0.011519009,1.0948325,-9.387747,-0.018313691,0.78600365,0.023234697,14.18,13.626,-0.00070467056,0.0,0.0,0.0,0.0,1.4736626
2024-12-12 00:00:00+00:00,22.911428,23.561428,20.7868,22.916616,-0.11231529,24.7154,22.407455,1.9693689,0.55457145,-0.022867214,-0.040587243,-0.0656014,0.0122941565,1.0689476,-7.3252935,-0.02758746,0.7100709,0.024958199,13.58,13.652,-0.042313144,0.0,0.0,0.0,0.0,1.020849
2024-12-13 00:00:00+00:00,22.745714,23.498095,20.8027,16.8539,-0.1702838,24.771463,22.224728,20.623142,0.57750005,0.0045004673,-0.035019435,-0.056236785,0.012392383,1.0729376,-14.266403,-0.032018803,1.1318561,0.025873648,13.92,13.728,0.02503683,0.0,0.0,0.0,0.0,1.3631781
2024-12-16 00:00:00+00:00,22.609999,23.45381,20.81875,16.245455,-0.22253513,24.839241,22.068378,16.543001,0.58257145,-0.004928343,-0.027583234,-0.04019016,0.01163321,1.0668267,-14.366751,-0.0359775,0.7082791,0.02623013,13.81,13.936,-0.007902274,0.0,0.0,0.0,0.0,1.2985898
2024-12-17 00:00:00+00:00,22.45857,23.380476,20.835,10.545425,-0.27210483,24.888767,21.872185,11.3501425,0.58328587,-0.00630344,-0.032441903,-0.06522664,0.010487309,1.0592753,-12.371191,-0.039430533,0.6205405,0.026428891,14.69,14.036,0.06372188,0.0,0.0,0.0,0.0,1.240664
2024-12-18 00:00:00+00:00,22.344286,23.295713,20.8504,10.902226,-0.31023362,24.897432,21.693995,10.450621,0.56864303,-0.001359256,-0.03078271,-0.07472707,0.010130952,1.0570542,-5.9516745,-0.040841345,0.83348507,0.025800487,15.87,14.374,0.08032677,0.0,0.0,0.0,0.0,1.307917
2024-12-19 00:00:00+00:00,22.158571,23.190475,20.8629,8.805052,-0.37885046,24.957037,21.423914,1.4286035,0.59328586,-0.024047216,-0.031953156,-0.093170285,0.011068019,1.0310168,-7.4404025,-0.044496905,1.2116985,0.027581848,27.62,17.182,0.7403907,0.0,0.0,0.0,0.0,0.8352238
2024-12-20 00:00:00+00:00,21.997143,23.091429,20.87305,11.764733,-0.42031547,24.970049,21.212809,6.6666846,0.59185725,0.004649018,-0.031809997,-0.087800756,0.011230819,1.0353063,1.2193079,-0.04738924,1.0126728,0.027388105,24.09,19.216,-0.12780596,0.0,0.0,0.0,0.0,1.1813295
2024-12-23 00:00:00+00:00,21.932858,22.995714,20.8829,11.214969,-0.43524885,24.930952,21.060476,12.455532,0.5993572,0.0074039726,-0.019810835,-0.08452482,0.011387353,1.0424798,0.31274202,-0.046219762,1.6831567,0.027531324,18.36,20.126,-0.23785801,0.0,0.0,0.0,0.0,1.389742
2024-12-24 00:00:00+00:00,21.828571,22.876667,20.89075,13.793123,-0.45634767,24.836597,20.916735,8.0760145,0.5612143,-0.0082682725,-0.02174896,-0.1037775,0.01071004,1.0334717,4.9880714,-0.045815002,0.96400154,0.025994167,16.78,20.544,-0.086056635,0.0,0.0,0.0,0.0,1.1869599
2024-12-26 00:00:00+00:00,21.735714,22.756666,20.8978,15.517257,-0.47007078,24.71574,20.797592,9.090851,0.4840713,-0.001389564,-0.021778649,-0.10465118,0.0106906,1.0316875,3.7525232,-0.044863846,0.7125843,0.022452278,14.27,17.554,0.0,0.0,0.0,0.0,0.0,1.2410349
2024-12-27 00:00:00+00:00,21.685715,22.636667,20.9057,21.224503,-0.46270207,24.52144,20.751892,17.676695,0.47478566,0.0074211434,0.009762858,-0.10396042,0.010734856,1.038951,10.009533,-0.04200935,0.47594014,0.021859368,14.73,15.682,0.032235395,0.0,0.0,0.0,0.0,1.4490718
2024-12-30 00:00:00+00:00,21.612858,22.513332,20.9113,22.127676,-0.46681246,24.328098,20.698568,8.465603,0.4565713,-0.008747635,-0.0037019863,-0.10737977,0.010763128,1.0295869,8.334552,-0.039997432,0.789685,0.021206275,15.95,15.2,0.082824185,0.0,0.0,0.0,0.0,1.2236562
2024-12-31 00:00:00+00:00,21.565714,22.372856,20.91685,19.475672,-0.4926333,24.11737,20.628344,0.0,0.44442844,-0.016256403,-0.027101522,-0.12225441,0.010931052,1.0125808,3.958415,-0.03607685,0.5729708,0.02098339,17.4,15.324,0.09090908,0.0,0.0,0.0,0.0,0.95190966
2025-01-02 00:00:00+00:00,21.528572,22.242857,20.9219,24.909763,-0.49368802,23.854914,20.6308,10.658317,0.4204998,0.008026443,-0.011116247,-0.11337207,0.011333344,1.0204618,3.6852605,-0.032113016,0.5650912,0.019695532,17.35,16.556,0.0,0.0,0.0,0.0,0.0,1.2917838
2025-01-03 00:00:00+00:00,21.458572,22.100952,20.9273,29.741405,-0.49447232,23.474195,20.72771,8.754277,0.40942845,-0.003278674,-0.012986957,-0.12283593,0.010946926,1.0168536,7.613731,-0.029065738,0.68780494,0.01924005,17.93,17.196,0.033429388,0.0,0.0,0.0,0.0,1.2157687
2025-01-06 00:00:00+00:00,21.402857,21.99238,20.9323,25.65219,-0.49583352,23.264496,20.720266,7.6087947,0.3654285,-0.0037593949,-0.023941003,-0.09710387,0.0091889305,1.0127889,6.176517,-0.026805798,0.55551696,0.017237185,16.13,17.232,-0.10039047,0.0,0.0,0.0,0.0,1.1812739
2025-01-07 00:00:00+00:00,21.338572,21.894762,20.9358,25.877214,-0.49842897,23.103605,20.685919,3.5336475,0.37685722,-0.00424529,-0.019507667,-0.08851465,0.008964155,1.0083207,0.9674511,-0.025402874,0.9958733,0.017852062,16.04,16.960001,-0.005579557,0.0,0.0,0.0,0.0,1.1481466
2025-01-08 00:00:00+00:00,21.242857,21.795713,20.9375,26.81818,-0.4995688,22.91717,20.67426,8.906787,0.37364277,-0.00284232,-0.0061379164,-0.0899265,0.008944002,1.0053731,-2.9232268,-0.025365379,0.8220021,0.017750243,17.82,17.054,0.11097249,0.0,0.0,0.0,0.0,1.1525497
2025-01-10 00:00:00+00:00,21.181429,21.712856,20.94,28.828846,-0.49078,22.765247,20.660467,25.694492,0.37828583,0.0023753513,-0.011709602,-0.07618213,0.00886044,1.0076408,3.1766577,-0.02447527,0.7318604,0.01792823,17.7,17.078001,0.0,0.0,0.0,0.0,0.0,1.2578298
2025-01-13 00:00:00+00:00,21.134287,21.619524,20.941,32.989716,-0.49824432,22.609018,20.63003,13.17831,0.35828575,-0.011848341,-0.020206781,-0.08592719,0.009013774,0.99565446,7.1125026,-0.022444418,1.0647748,0.017183961,19.54,17.76,0.10395481,0.0,0.0,0.0,0.0,1.0171365
2025-01-14 00:00:00+00:00,21.08,21.535238,20.9412,33.673443,-0.48884183,22.419853,20.650623,22.48056,0.36185715,0.0057553444,-0.010849125,-0.07783643,0.009272585,1.0013752,6.855265,-0.021139203,1.2024398,0.017255936,19.19,18.390001,-0.017911995,0.0,0.0,0.0,0.0,1.2523748
2025-01-15 00:00:00+00:00,21.044287,21.47857,20.9391,30.10756,-0.47111794,22.330822,20.626322,30.541048,0.3400714,0.0028612958,-0.0037896694,-0.053555295,0.008274728,1.0043412,1.2787133,-0.020219475,0.7159071,0.016170768,18.71,18.568,-0.025013102,0.0,0.0,0.0,0.0,1.3081005
2025-01-16 00:00:00+00:00,20.994286,21.408571,20.93605,30.10756,-0.46622184,22.21055,20.606592,15.111118,0.35449997,-0.008559216,-0.009501134,-0.06586018,0.008206074,0.9958899,-2.8821561,-0.019351387,0.9846676,0.017002387,16.12,18.252,-0.13842855,0.0,0.0,0.0,0.0,1.1177415
2025-01-17 00:00:00+00:00,21.005714,21.36,20.93585,41.474686,-0.42995027,22.077188,20.64281,45.333355,0.37057155,0.016306961,0.00426541,-0.045925196,0.009228053,1.0121394,7.8012424,-0.016586408,0.85891575,0.01748803,16.6,18.032,0.029776646,0.0,0.0,0.0,0.0,1.5359254
2025-01-21 00:00:00+00:00,21.012857,21.31381,20.93725,35.238136,-0.40381217,21.960415,20.667204,37.33334,0.3695,-0.0042472933,0.0119904075,-0.043951035,0.009193129,1.0077733,5.1305766,-0.014120058,1.0931274,0.01751184,15.97,16.674,0.0,0.0,0.0,0.0,0.0,1.3397037
2025-01-22 00:00:00+00:00,20.97,21.254763,20.93955,33.484165,-0.40266344,21.847033,20.66249,19.191786,0.39342853,-0.014218063,-0.008106823,-0.056261417,0.00956232,0.99333555,3.376606,-0.013397555,1.8282502,0.018914824,15.06,15.944,-0.05698183,0.0,0.0,0.0,0.0,1.05462
2025-01-23 00:00:00+00:00,20.955715,21.21857,20.94245,38.74347,-0.40116325,21.837612,20.599531,14.999962,0.38628563,-0.0024038095,-0.013314345,-0.035332415,0.00821969,0.9908105,-2.7312176,-0.012388069,1.7774644,0.018616166,15.1,15.740001,0.0026560398,0.0,0.0,0.0,0.0,1.1288762
2025-01-24 00:00:00+00:00,20.924286,21.17762,20.94495,32.758644,-0.3954162,21.801668,20.553572,23.766766,0.39235702,0.0,-0.0047961813,-0.03979642,0.008102498,0.99069226,-2.4794915,-0.011962308,1.221443,0.018908763,15.02,15.424001,-0.005298008,0.0,0.0,0.0,0.0,1.1890055
2025-01-27 00:00:00+00:00,20.88857,21.130476,20.94855,35.29416,-0.38401416,21.71489,20.546062,26.45741,0.3719999,0.0014458162,-0.019348742,-0.045475412,0.007861112,0.99195415,1.8099912,-0.011448139,1.181256,0.017901814,14.85,15.200001,-0.011318247,0.0,0.0,0.0,0.0,1.2486382
2025-01-28 00:00:00+00:00,20.972857,21.123333,20.954,55.26314,-0.31805515,21.687473,20.559195,85.65024,0.40807125,0.0317613,0.01611375,-0.006947643,0.010665209,1.0231937,16.519674,-0.0071236915,1.454862,0.019033164,17.9,15.586,0.20538715,0.0,0.0,0.0,0.0,1.9167387
2025-01-29 00:00:00+00:00,20.997143,21.11381,20.9596,55.5066,-0.26913506,21.653198,20.574423,75.10736,0.39307117,-0.0037313397,0.026923144,-0.009276385,0.0106896255,1.0191034,22.747952,-0.0055256085,1.2644364,0.0184022,16.41,15.856,-0.08324021,0.0,0.0,0.0,0.0,1.584527
2025-01-30 00:00:00+00:00,21.027143,21.094286,20.9689,55.75221,-0.23172897,21.56709,20.621483,70.815414,0.38735703,-0.0023408774,0.026987925,-0.018876605,0.010544243,1.016267,20.45805,-0.0031829947,1.1075501,0.018177234,16.56,16.148,0.009140745,0.0,0.0,0.0,0.0,1.4979784
2025-01-31 00:00:00+00:00,21.158571,21.103334,20.98185,61.832027,-0.16707489,21.616688,20.58998,96.10886,0.39307132,0.019239787,0.046746954,0.008824832,0.011242341,1.0351803,6.568886,0.0026174998,1.0392292,0.018097198,15.84,16.312,-0.04347822,0.0,0.0,0.0,0.0,1.9047859
2025-02-03 00:00:00+00:00,21.235714,21.108572,20.99265,57.85715,-0.14881787,21.627428,20.589716,62.645947,0.394857,-0.01979735,0.02454284,0.0051936074,0.011528786,1.0141646,2.3505516,0.0060232785,1.3967857,0.018546585,16.43,16.628,0.037247483,0.0,0.0,0.0,0.0,1.3028672
2025-02-04 00:00:00+00:00,21.304285,21.102858,21.00325,54.744522,-0.13760443,21.613117,20.592596,57.976578,0.38414288,-0.002818289,-0.009794822,-0.005620648,0.01140809,1.010796,-1.0076836,0.009545079,0.81891406,0.018094333,18.62,16.772,0.1332928,0.0,0.0,0.0,0.0,1.3599861
2025-02-05 00:00:00+00:00,21.30857,21.080477,21.01095,46.451595,-0.16075511,21.599262,20.56169,25.291742,0.4052143,-0.01978333,-0.025749117,-0.022086523,0.012173168,0.9904359,-15.380432,0.010820201,0.974417,0.019472087,17.21,16.932,-0.075725116,0.0,0.0,0.0,0.0,0.98552805
2025-02-06 00:00:00+00:00,21.20857,21.05857,21.01675,48.160526,-0.18264516,21.594717,20.522427,19.844296,0.4025,-0.0033637527,-0.026747992,-0.02169816,0.012168977,0.9868319,-9.696623,0.0071229776,1.5325521,0.019406935,15.77,16.774,-0.08367221,0.0,0.0,0.0,0.0,1.0987197
2025-02-07 00:00:00+00:00,20.985714,20.996191,21.01785,30.640661,-0.27269986,21.762598,20.229784,2.4752092,0.4635714,-0.045323074,-0.08839779,-0.06205596,0.015552282,0.94205636,-24.103863,-0.00049897225,1.9264015,0.023412686,15.5,16.706,-0.017121146,0.0,0.0,0.0,0.0,0.24494371
2025-02-10 00:00:00+00:00,20.824286,20.954762,21.02085,38.144337,-0.30983436,21.799051,20.110472,21.28714,0.4717858,0.019191975,-0.05213718,-0.041330118,0.016284544,0.95999926,-8.307258,-0.0062265745,1.275375,0.02337887,16.54,16.728,0.06709684,0.0,0.0,0.0,0.0,1.0412238
2025-02-11 00:00:00+00:00,20.661428,20.93,21.0269,47.23619,-0.30348867,21.786808,20.073193,41.089096,0.46821445,0.019821586,-0.030617034,-0.02464457,0.01694419,0.9787463,-0.9243354,-0.01283189,0.9991846,0.022750935,15.81,16.166,-0.044135455,0.0,0.0,0.0,0.0,1.4276199
2025-02-12 00:00:00+00:00,20.607143,20.932858,21.0358,51.87793,-0.26873365,21.788944,20.076769,57.42572,0.48107147,0.016034981,0.0048054005,0.0028776722,0.017146988,0.9940197,21.23727,-0.015559959,0.78200257,0.023006756,16.02,15.928,0.013282735,0.0,0.0,0.0,0.0,1.630562
2025-02-13 00:00:00+00:00,20.568571,20.93238,21.0455,52.436184,-0.23445289,21.788393,20.076368,59.900932,0.49457154,0.002391164,0.010607488,-0.00047688265,0.017108927,0.99593735,14.291845,-0.017380234,0.7307431,0.02359596,15.89,15.952001,-0.008114863,0.0,0.0,0.0,0.0,1.5295513
2025-02-14 00:00:00+00:00,20.66,20.952381,21.05845,57.02306,-0.16583446,21.837116,20.067646,84.15843,0.5345715,0.023377944,0.08333341,0.019971473,0.017843459,1.0185935,9.786867,-0.013954546,0.98204464,0.024921736,15.1,15.872001,-0.0497168,0.0,0.0,0.0,0.0,1.9581846
2025-02-18 00:00:00+00:00,20.83,21.003809,21.0728,55.337685,-0.07189316,21.983963,20.023657,91.213425,0.5363572,0.0223776,0.08671952,0.051798556,0.018278373,1.040678,3.4597542,-0.008275142,1.7739216,0.024457682,14.77,15.31,0.0,0.0,0.0,0.0,0.0,2.2182386
2025-02-19 00:00:00+00:00,21.144285,21.042381,21.0887,56.98689,0.008110878,22.112894,19.971869,91.83671,0.54671437,0.0031919605,0.06899903,0.03822555,0.018007513,1.0432128,4.5507064,0.004842835,0.9178261,0.024850642,15.35,15.176001,0.03926878,0.0,0.0,0.0,0.0,2.0253172
2025-02-20 00:00:00+00:00,21.442858,21.098095,21.1058,60.000008,0.09223817,22.29547,19.90072,98.24561,0.5627857,0.012272748,0.06504068,0.05545024,0.018084237,1.0551602,2.97695,0.016340898,0.9389491,0.025271012,15.27,15.052,-0.005211721,0.0,0.0,0.0,0.0,2.1716502
2025-02-21 00:00:00+00:00,21.70143,21.17381,21.12215,57.427937,0.16667129,22.487453,19.860167,93.2862,0.5795713,0.005388367,0.068225205,0.076442316,0.01766681,1.0600246,2.0902526,0.024918463,1.2602031,0.025885265,15.66,15.1640005,0.025540235,0.0,0.0,0.0,0.0,2.1203187
2025-02-24 00:00:00+00:00,22.045713,21.29619,21.14275,70.25946,0.2972765,22.892454,19.699926,96.74795,0.6263571,0.041536413,0.08717944,0.123855405,0.019426694,1.1029786,13.27257,0.03519519,1.6276519,0.026859213,18.21,15.852,0.1628352,0.0,0.0,0.0,0.0,2.928723
2025-02-25 00:00:00+00:00,22.38,21.41762,21.16385,70.82494,0.3946193,23.214705,19.620533,93.79127,0.6509997,-0.0008576526,0.06247145,0.12289153,0.019440297,1.1009339,10.824934,0.04493406,1.1340879,0.027939893,18.98,16.694,0.042284485,0.0,0.0,0.0,0.0,2.4755197
2025-02-26 00:00:00+00:00,22.654285,21.540953,21.1803,77.70563,0.47197208,23.502247,19.579659,91.64558,0.6499284,0.0030043607,0.062272765,0.12463908,0.019426154,1.1033839,20.277687,0.051684476,1.3773394,0.027810358,19.43,17.51,0.023709208,0.0,0.0,0.0,0.0,2.4006157
2025-02-27 00:00:00+00:00,22.838572,21.625713,21.19415,76.38295,0.5152316,23.718153,19.533276,87.84807,0.65599984,-0.0064185504,0.042658232,0.083022326,0.01864481,1.0955853,6.123488,0.056084,0.88699627,0.02825149,19.1,18.276,-0.016984042,0.0,0.0,0.0,0.0,2.1347382
2025-02-28 00:00:00+00:00,23.001429,21.710476,21.20715,93.48954,0.536871,23.899681,19.52127,85.492195,0.5892142,-0.0034453026,0.0334971,0.083333276,0.018639004,1.0911415,22.664598,0.059462156,0.9119158,0.025463006,21.13,19.369999,0.10628266,0.0,0.0,0.0,0.0,2.0448055
2025-03-03 00:00:00+00:00,23.19143,21.819523,21.22245,93.622406,0.584402,24.148613,19.490435,97.142845,0.59349984,0.019879041,0.012006891,0.10746133,0.01889094,1.1120299,15.91678,0.06287507,1.7617468,0.025148287,19.63,19.654,-0.07098912,0.0,0.0,0.0,0.0,2.503661
2025-03-04 00:00:00+00:00,23.391428,21.918095,21.2396,93.26141,0.63013834,24.399714,19.436478,97.049324,0.5834999,0.00805087,0.021030115,0.095303945,0.018626442,1.1200776,16.878464,0.06721992,0.7373619,0.024527097,22.78,20.414,0.16046876,0.0,0.0,0.0,0.0,2.4887981
2025-03-05 00:00:00+00:00,23.405714,22.019524,21.25355,83.46662,0.6292748,24.566572,19.472475,75.64135,0.62064296,-0.015552788,0.0021394624,0.100046925,0.018370759,1.1019336,-10.022922,0.062952764,0.86876667,0.026500542,23.51,21.23,0.032045633,0.0,0.0,0.0,0.0,1.9662844
2025-03-06 00:00:00+00:00,23.368572,22.105715,21.26605,75.49018,0.5911137,24.66303,19.548399,62.06899,0.63,-0.016225412,-0.007751869,0.08525678,0.018871687,1.083417,-18.132223,0.05712807,0.96751493,0.027343737,21.93,21.796,-0.067205444,0.0,0.0,0.0,0.0,1.6624935
2025-03-07 00:00:00+00:00,23.341429,22.21857,21.27895,73.19032,0.5656471,24.744717,19.692425,60.732117,0.60107136,0.006076362,0.0017286481,0.1138876,0.018063523,1.0893395,-20.07109,0.05053686,0.5567325,0.02593059,24.87,22.544,0.13406295,0.0,0.0,0.0,0.0,1.9500151
2025-03-10 00:00:00+00:00,23.37,22.346191,21.2937,71.34668,0.55839384,24.829023,19.863358,64.326355,0.5871428,0.010353743,-0.0076271314,0.12921892,0.017982205,1.0998558,-12.119939,0.045815833,0.8535291,0.025070135,23.37,23.292,-0.060313627,0.0,0.0,0.0,0.0,2.165836
2025-03-11 00:00:00+00:00,23.481428,22.542381,21.3138,74.48977,0.5862336,24.823072,20.261688,82.87936,0.6199999,0.021349274,0.0054644453,0.20808086,0.013897136,1.1222776,-1.0004107,0.041656982,1.0646198,0.025919717,27.86,24.308,0.19212665,0.0,0.0,0.0,0.0,2.5623639
2025-03-12 00:00:00+00:00,23.465715,22.7,21.3314,64.95096,0.5670627,24.739765,20.660234,64.84846,0.6374999,-0.0179766,0.0029888854,0.16402376,0.0148838665,1.1011935,-8.239364,0.033731904,0.9656008,0.027139194,26.92,24.99,-0.033740148,0.0,0.0,0.0,0.0,1.8958795
2025-03-13 00:00:00+00:00,23.362858,22.818571,21.34735,57.76255,0.5120762,24.615818,21.021326,36.138584,0.63892853,-0.017879952,0.0013020303,0.120991245,0.015564254,1.0806962,-13.584127,0.023852745,0.80748135,0.027695201,24.23,25.45,-0.09992573,0.0,0.0,0.0,0.0,1.564528
2025-03-14 00:00:00+00:00,23.328571,22.926666,21.36605,48.03372,0.47193494,24.501028,21.352304,25.552078,0.5896428,0.0047681234,0.0,0.10856052,0.015378487,1.0848987,-26.456053,0.017530011,0.93818223,0.025437556,24.66,25.408,0.017746609,0.0,0.0,0.0,0.0,1.8441553
2025-03-17 00:00:00+00:00,23.295713,23.014763,21.38335,43.734028,0.40559134,24.309052,21.720472,5.7750325,0.58607143,-0.015962072,-0.02604614,0.08826338,0.016043186,1.0667177,-21.21693,0.0122074755,0.89748704,0.025693607,21.77,25.088,-0.11719381,0.0,0.0,0.0,0.0,1.4723185
2025-03-18 00:00:00+00:00,23.328571,23.108095,21.40415,50.45044,0.3968539,24.19444,22.021751,42.24921,0.6140714,0.02630427,-0.02132108,0.09137525,0.016230099,1.0937132,-7.3121133,0.00954107,0.9590588,0.026231147,20.51,23.618,-0.057877824,0.0,0.0,0.0,0.0,2.2239223
2025-03-19 00:00:00+00:00,23.317142,23.175238,21.4265,51.376156,0.37990174,24.120958,22.229519,37.99391,0.603,-0.0029901622,-0.00638568,0.06429548,0.015754154,1.0893053,3.3424363,0.0061231125,0.97865313,0.025835462,21.7,22.574,0.058020502,0.0,0.0,0.0,0.0,1.9586048
2025-03-20 00:00:00+00:00,23.261429,23.248095,21.4492,54.362427,0.37744752,24.036146,22.460043,49.54409,0.6005,0.008140554,0.01993936,0.069545485,0.015792735,1.0970106,10.628401,0.00057352096,0.56812036,0.025520599,19.9,21.708,-0.082949355,0.0,0.0,0.0,0.0,2.1265764
2025-03-21 00:00:00+00:00,23.247143,23.301428,21.46965,47.46987,0.3600551,23.950869,22.651989,41.03338,0.5972857,-0.005949906,0.009059494,0.050291825,0.015777107,1.0894449,-2.9805691,-0.0023297179,0.9795144,0.025535932,19.8,20.736,-0.0050251447,0.0,0.0,0.0,0.0,1.8931515
2025-03-24 00:00:00+00:00,23.28143,23.345238,21.49,44.05939,0.33594358,23.842817,22.847658,36.170162,0.598,-0.003420262,0.021920212,0.041089777,0.015812328,1.0846906,-7.3167634,-0.0027333023,2.0380929,0.025654215,19.28,20.238,-0.026262553,0.0,0.0,0.0,0.0,1.83351
2025-03-25 00:00:00+00:00,23.30857,23.34762,21.5111,49.32977,0.31801084,23.84517,22.850069,39.93908,0.56585705,0.0025740615,-0.0017086292,0.0021441313,0.012977706,1.0864159,-5.032658,-0.001672448,0.7718786,0.024212956,17.48,19.632,-0.09336105,0.0,0.0,0.0,0.0,1.9198506
2025-03-26 00:00:00+00:00,23.35,23.338095,21.53165,50.82872,0.2787984,23.847002,22.82919,23.475632,0.55621433,-0.011553292,-0.010282766,-0.008583643,0.013228011,1.0728393,3.3588512,0.00051009975,0.8973452,0.024078531,17.15,18.722,-0.018878715,0.0,0.0,0.0,0.0,1.627738
2025-03-27 00:00:00+00:00,23.348572,23.339523,21.5555,52.91004,0.2688308,23.848974,22.830074,41.768276,0.5790716,0.012986979,-0.0055249073,0.0012836448,0.013529655,1.0855697,8.850648,0.00038765318,0.57605654,0.02474664,18.33,18.407999,0.06880468,0.0,0.0,0.0,0.0,2.0259442
2025-03-28 00:00:00+00:00,23.37143,23.352858,21.58105,51.0989,0.26593506,23.863823,22.841892,47.865864,0.55828583,0.004273521,0.0047028908,0.0120586,0.01347124,1.0889183,1.7691289,0.00079525134,0.8420797,0.023756834,18.69,18.186,0.019639967,0.0,0.0,0.0,0.0,2.030578
2025-03-31 00:00:00+00:00,23.395714,23.379524,21.6081,46.706604,0.27659017,23.902151,22.856897,68.64118,0.5157145,0.008510671,0.016731072,0.02420058,0.013541651,1.0968109,-4.122118,0.00069250277,0.92625874,0.021760097,21.65,18.66,0.15837342,0.0,0.0,0.0,0.0,2.1650136
2025-04-01 00:00:00+00:00,23.48,23.39762,21.63565,57.680237,0.30412227,23.975681,22.819557,95.83331,0.49035725,0.011814294,0.026101783,0.016101658,0.013093154,1.1083559,4.7701964,0.0035209092,1.0404475,0.020448584,22.28,19.62,0.029099356,0.0,0.0,0.0,0.0,2.33875
2025-04-02 00:00:00+00:00,23.561428,23.401905,21.66525,64.111465,0.31425,23.993364,22.810446,87.9244,0.45928589,-0.004170158,0.03376618,0.0037830283,0.013028176,1.1022259,13.0125675,0.0068166996,0.71649307,0.019233068,21.77,20.544,-0.022890495,0.0,0.0,0.0,0.0,2.0860956
2025-04-03 00:00:00+00:00,23.632856,23.423334,21.69445,62.454872,0.31780604,24.049156,22.797512,84.92648,0.46321446,-0.0004186902,0.020085523,0.019214379,0.012518308,1.1002815,15.74827,0.008945085,0.918351,0.019405708,21.51,21.18,-0.011943052,0.0,0.0,0.0,0.0,2.057257
2025-04-04 00:00:00+00:00,23.707144,23.450953,21.7222,65.283035,0.29702735,24.05659,22.845316,57.697716,0.48964295,-0.010473398,0.005106419,0.025173606,0.01218139,1.0873669,7.6027994,0.010924521,1.3611709,0.020730006,30.02,23.446001,0.39562994,0.0,0.0,0.0,0.0,1.786915
2025-04-07 00:00:00+00:00,23.554285,23.410477,21.7399,33.832348,0.17445678,24.182837,22.638117,3.0611987,0.5355715,-0.05461477,-0.05780594,-0.03666956,0.017161766,1.0271436,-30.27912,0.006142958,1.103036,0.023984382,45.31,28.178001,0.5093271,0.0,0.0,0.0,0.0,0.57826215
2025-04-08 00:00:00+00:00,23.307142,23.331905,21.75615,29.503931,0.031765267,24.384912,22.278898,13.986007,0.5859286,-0.025078347,-0.0921601,-0.070452586,0.017658718,1.0006366,-32.950943,-0.0010612821,1.6239496,0.026914487,46.98,33.118,0.036857165,0.0,0.0,0.0,0.0,0.54852927
2025-04-09 00:00:00+00:00,22.991428,23.21619,21.7694,23.979593,-0.10272831,24.505352,21.927029,6.960949,0.62557137,-0.012861768,-0.10008373,-0.101588644,0.016827352,0.98716545,-41.303444,-0.009681251,0.8195897,0.02910987,52.33,39.23,0.113878295,0.0,0.0,0.0,0.0,0.64983803
2025-04-10 00:00:00+00:00,22.677143,23.134762,21.78565,30.221153,-0.1837961,24.560112,21.709412,25.076498,0.67950004,0.013494692,-0.08755761,-0.072796896,0.017009743,0.99974066,-3.6111925,-0.019780567,1.310989,0.031198334,33.62,41.652,-0.35753873,0.0,0.0,0.0,0.0,1.2002182
2025-04-11 00:00:00+00:00,22.390001,23.07762,21.8005,32.352966,-0.2380367,24.606342,21.548895,27.828796,0.6987858,0.004132238,-0.07408975,-0.052015554,0.016752519,1.003188,2.8490357,-0.029795898,1.0076,0.03195178,40.72,43.792,0.21118389,0.0,0.0,0.0,0.0,1.2943288
2025-04-14 00:00:00+00:00,22.135715,23.025715,21.8177,34.90565,-0.26027045,24.612743,21.438684,34.556602,0.7062859,0.010059411,-0.010747863,-0.0470233,0.01690489,1.0124807,10.926058,-0.03865241,0.7914015,0.03197309,37.56,42.242,-0.07760314,0.0,0.0,0.0,0.0,1.5196893
2025-04-15 00:00:00+00:00,22.005714,23.020952,21.8383,45.751617,-0.22526538,24.611298,21.430609,53.51681,0.7262144,0.02806695,0.04317862,-0.004384059,0.0178125,1.039916,15.530464,-0.044100594,0.986563,0.031977724,30.89,39.024002,-0.17758258,0.0,0.0,0.0,0.0,2.0764046
2025-04-16 00:00:00+00:00,22.088572,22.997143,21.86075,44.54343,-0.17931816,24.577967,21.416319,59.63304,0.7219287,0.008806727,0.06607725,-0.021358393,0.016903864,1.047997,12.190466,-0.039507996,1.310843,0.031511497,30.12,34.582,-0.024927115,0.0,0.0,0.0,0.0,2.0250452
2025-04-17 00:00:00+00:00,22.225714,22.968096,21.8835,41.575485,-0.15563512,24.544872,21.39132,54.12845,0.74271435,-0.007856844,0.043617945,-0.026135417,0.01696735,1.0386821,6.669835,-0.032322258,1.5912662,0.032675497,32.64,34.386,0.08366529,0.0,0.0,0.0,0.0,1.6963073
2025-04-21 00:00:00+00:00,22.497143,22.961428,21.9107,46.918476,-0.08265684,24.529387,21.39347,74.31193,0.77635723,0.029036509,0.069501534,-0.005949906,0.018111764,1.0675149,1.1668564,-0.02022024,1.2393442,0.03319183,29.65,30.59,0.0,0.0,0.0,0.0,0.0,2.3722377
2025-04-22 00:00:00+00:00,22.567142,22.908094,21.93085,35.434418,-0.11388282,24.490948,21.325243,40.0612,0.84457153,-0.047883667,0.008148497,-0.047883667,0.020885257,1.0154645,-9.1090145,-0.01488349,1.1928297,0.037924163,33.82,31.176,0.14064081,0.0,0.0,0.0,0.0,0.978941
2025-04-23 00:00:00+00:00,22.755714,22.902382,21.95525,44.84306,-0.06365948,24.479998,21.324764,68.195755,0.8927857,0.041311182,0.021136127,-0.0051479596,0.022927506,1.0562394,3.2675717,-0.006404001,1.42834,0.038498722,30.57,31.265999,-0.096096985,0.0,0.0,0.0,0.0,2.2596362
2025-04-24 00:00:00+00:00,22.877142,22.881905,21.9784,43.290043,-0.04352827,24.445127,21.318682,60.550495,0.8917144,-0.010780509,0.0013095018,-0.01839967,0.023037698,1.0437521,-3.6284332,-0.00020811653,0.7211541,0.038871575,28.45,30.428,-0.069349,0.0,0.0,0.0,0.0,1.727704
2025-04-25 00:00:00+00:00,22.882856,22.865238,22.0009,43.668118,-0.042416643,24.426155,21.304321,63.475174,0.855643,-0.008282499,0.00087991456,-0.015151531,0.022971105,1.0340486,8.2337,0.00077055785,0.8404403,0.037610665,26.47,29.792,-0.06959583,0.0,0.0,0.0,0.0,1.5669564
2025-04-28 00:00:00+00:00,22.897142,22.846666,22.02485,55.82192,-0.020321572,24.390043,21.30329,79.76653,0.8245715,0.011428582,-0.016246224,-0.016666641,0.022927925,1.044729,10.978862,0.002209344,1.1855313,0.035835337,24.84,28.83,-0.061579116,0.0,0.0,0.0,0.0,1.897389
2025-04-29 00:00:00+00:00,22.95143,22.828094,22.0519,62.45353,0.005198204,24.347656,21.308535,83.65759,0.76992863,0.004345953,0.03771891,-0.01659572,0.022928692,1.0479823,19.163488,0.005402701,0.6441336,0.033315808,25.15,27.096,0.012479849,0.0,0.0,0.0,0.0,1.9095244
2025-04-30 00:00:00+00:00,22.95,22.812857,22.0792,67.59776,0.04667144,24.301805,21.32391,94.16337,0.763143,0.011683191,0.008193127,-0.013502177,0.023001665,1.0589151,23.929646,0.006011651,0.7308961,0.032640833,24.17,25.816,-0.038966186,0.0,0.0,0.0,0.0,2.1146796
2025-05-01 00:00:00+00:00,23.14,22.794762,22.1055,67.16981,0.0961828,24.23249,21.357033,94.80524,0.7156429,0.009409805,0.028770698,-0.015846504,0.022943776,1.0676076,11.347891,0.015145498,0.8528081,0.030323839,24.7,25.066,0.021928038,0.0,0.0,0.0,0.0,2.2009735
2025-05-02 00:00:00+00:00,23.25,22.79857,22.13475,68.761215,0.1625955,24.248747,21.348396,96.68043,0.72850007,0.015254182,0.053186774,0.0033500807,0.023179047,1.0824608,6.307682,0.019800726,0.80484027,0.030404834,24.6,24.692,-0.0040485985,0.0,0.0,0.0,0.0,2.4248052
2025-05-05 00:00:00+00:00,23.398571,22.80381,22.1634,67.59776,0.21437077,24.270935,21.336683,89.9082,0.7231429,0.00083474367,0.042155553,0.0046082404,0.023178397,1.0819639,0.0,0.02608167,0.7652675,0.030156072,22.68,24.26,-0.07804878,0.0,0.0,0.0,0.0,2.2458377
2025-05-06 00:00:00+00:00,23.525715,22.804762,22.1894,59.135563,0.22536996,24.274137,21.335386,74.31187,0.7064285,-0.014178488,0.022933742,0.0008466786,0.023279805,1.0653735,-8.034248,0.03161409,1.2450708,0.029882751,23.64,23.958,0.042328,0.0,0.0,0.0,0.0,1.8205804
2025-05-07 00:00:00+00:00,23.605715,22.86381,22.21565,56.653225,0.22583522,24.352587,21.375032,71.100876,0.6896426,-0.00296107,0.008126627,0.055530667,0.019630082,1.0609637,-12.107987,0.032448843,0.83294445,0.029259328,24.76,24.076,0.047377363,0.0,0.0,0.0,0.0,1.8368047
2025-05-08 00:00:00+00:00,23.605715,22.92762,22.23995,53.625965,0.18693103,24.331968,21.52327,50.0,0.6917857,-0.019516295,-0.020762702,0.061552603,0.019269895,1.039121,-13.971797,0.02957545,1.8870656,0.02993446,23.55,23.846,-0.048869185,0.0,0.0,0.0,0.0,1.4106182
2025-05-09 00:00:00+00:00,23.702856,23.05,22.2691,56.05787,0.23010366,24.373781,21.726217,64.76188,0.78107125,0.041107696,0.0041736388,0.11959049,0.020598164,1.0804209,-3.0776923,0.028323498,1.6688445,0.032463465,22.48,23.421999,-0.04543523,0.0,0.0,0.0,0.0,2.548018
2025-05-12 00:00:00+00:00,23.822857,23.176666,22.30165,72.65136,0.29161957,24.49911,21.854225,73.78816,0.71821415,0.015793893,0.019182693,0.12213039,0.020648297,1.095883,15.9981365,0.027881058,1.2092512,0.029386818,21.9,23.265999,-0.025800709,0.0,0.0,0.0,0.0,2.6003401
2025-05-13 00:00:00+00:00,23.828571,23.278095,22.3308,59.396748,0.30139276,24.502735,22.053455,57.989223,0.70071423,-0.018003294,0.015228452,0.09739365,0.021287713,1.0747488,5.770781,0.023647808,0.742284,0.029196415,18.39,22.216,-0.16027398,0.0,0.0,0.0,0.0,1.9190243
2025-05-14 00:00:00+00:00,23.782858,23.352858,22.35785,58.181812,0.2784926,24.458807,22.246906,45.78096,0.7042856,-0.014166673,0.0038184198,0.07107287,0.0216336,1.0582412,2.1239407,0.018413158,0.87447035,0.029766921,18.22,20.907999,-0.009244159,0.0,0.0,0.0,0.0,1.6625082
2025-05-15 00:00:00+00:00,23.72,23.37619,22.3804,54.817997,0.2206821,24.445236,22.307144,29.263935,0.71642846,-0.019442057,0.0038944245,0.021576473,0.021418856,1.0366213,-17.833364,0.01470768,0.6730218,0.030880524,18.62,19.921999,0.021953981,0.0,0.0,0.0,0.0,1.33595
2025-05-16 00:00:00+00:00,23.764286,23.42238,22.4058,58.546165,0.22711897,24.490648,22.354113,49.805405,0.6964286,0.029310275,-0.0074813096,0.04233956,0.022233093,1.0657954,-0.85058206,0.014597352,0.94610596,0.029163664,17.83,18.992,-0.042427544,0.0,0.0,0.0,0.0,2.2300425
2025-05-19 00:00:00+00:00,23.917143,23.491428,22.43295,60.113422,0.25350556,24.55918,22.423677,61.478603,0.6978572,0.012562863,-0.010638307,0.06379238,0.022217251,1.0778787,1.9316131,0.018122105,1.0748528,0.028860914,17.24,18.06,-0.033090305,0.0,0.0,0.0,0.0,2.323585
2025-05-20 00:00:00+00:00,23.908571,23.520475,22.4605,55.961548,0.25693086,24.609613,22.43134,45.95845,0.6657144,-0.0074441815,0.0,0.026079549,0.021509718,1.0685426,1.1435506,0.01650031,1.1464547,0.027738089,18.14,18.01,0.052204154,0.0,0.0,0.0,0.0,1.9747703
2025-05-21 00:00:00+00:00,23.864286,23.609047,22.488,55.1859,0.26705682,24.565517,22.652576,51.963028,0.64678586,0.0054166317,0.019864721,0.08352037,0.018303467,1.0730166,-3.3602633,0.010811022,0.86688906,0.026804212,18.09,17.984,-0.0027562976,0.0,0.0,0.0,0.0,2.116647
2025-05-22 00:00:00+00:00,23.864286,23.64762,22.5139,50.409847,0.2615766,24.598427,22.696812,45.95845,0.61428577,-0.0053874496,0.034482725,0.034928825,0.016265126,1.0660081,-9.703579,0.009162298,0.7956554,0.02559523,20.87,18.434,0.15367611,0.0,0.0,0.0,0.0,1.9212893
2025-05-23 00:00:00+00:00,23.841429,23.674286,22.54045,45.52239,0.21441598,24.57165,22.776922,22.86377,0.6164287,-0.020833334,-0.015912862,0.024411485,0.0167921,1.0425701,-10.439158,0.007060099,0.7037917,0.026230995,20.28,18.924,-0.02827025,0.0,0.0,0.0,0.0,1.4448605
2025-05-27 00:00:00+00:00,23.917143,23.720953,22.5548,50.857143,0.19337083,24.512075,22.929829,33.4873,0.6020001,0.009787215,-0.018610453,0.043076903,0.016740348,1.0521042,-4.3287563,0.008270758,0.55658853,0.025368726,22.29,20.764,0.0,0.0,0.0,0.0,0.0,1.8710169
2025-05-28 00:00:00+00:00,23.924286,23.764761,22.57135,53.345734,0.1906333,24.48965,23.039873,42.72521,0.6048573,0.008428182,-0.0029166539,0.03998262,0.01666979,1.0601935,2.9358866,0.006712618,0.6403203,0.025276098,18.96,20.938,-0.14939442,0.0,0.0,0.0,0.0,2.0322187
2025-05-29 00:00:00+00:00,23.834286,23.785713,22.58285,54.150932,0.15600258,24.454372,23.117056,22.115341,0.599143,-0.015879693,-0.024036467,0.019039316,0.017106054,1.0428268,8.628541,0.0020420384,0.60608804,0.025441308,19.31,20.626,0.018459937,0.0,0.0,0.0,0.0,1.5694593
2025-05-30 00:00:00+00:00,23.774286,23.795238,22.59565,44.520554,0.12948565,24.445057,23.14542,32.236816,0.47021458,0.0012739146,-0.017500004,0.008554352,0.016932063,1.0435637,-6.3365903,-0.00088053284,1.0769219,0.019941237,19.18,20.406,-0.00673222,0.0,0.0,0.0,0.0,1.7266281
2025-06-02 00:00:00+00:00,23.737143,23.808096,22.60955,43.356647,0.13036864,24.45235,23.16384,51.31582,0.46664318,0.012298597,0.015744716,0.011440697,0.017019227,1.0557486,-9.989084,-0.0029801733,1.5758997,0.01954935,18.57,19.662,-0.031803995,0.0,0.0,0.0,0.0,2.036325
2025-06-03 00:00:00+00:00,23.69,23.794285,22.6212,45.925926,0.113620274,24.437296,23.151276,45.84982,0.45307174,-0.00837875,-0.0025284225,-0.012103464,0.016787026,1.0463636,-8.225003,-0.0043828003,0.51905745,0.019141171,18.36,18.876,-0.011308513,0.0,0.0,0.0,0.0,1.7312087
2025-06-04 00:00:00+00:00,23.505714,23.71,22.62635,35.976788,-0.017263794,24.6474,22.772598,15.55113,0.54985744,-0.061681494,-0.071876355,-0.07381153,0.021445343,0.98159885,-8.543767,-0.008616013,2.1227427,0.02475719,17.69,18.622,-0.036492378,0.0,0.0,0.0,0.0,0.32249615
2025-06-05 00:00:00+00:00,23.212856,23.616667,22.6269,35.496185,-0.16189066,24.907145,22.326189,1.1090827,0.5648575,-0.023863072,-0.07940548,-0.082910284,0.021789556,0.9581516,-7.860465,-0.01709849,1.235161,0.0260543,17.61,18.282,-0.0045223245,0.0,0.0,0.0,0.0,0.3854926
2025-06-06 00:00:00+00:00,22.887142,23.525238,22.6268,25.708088,-0.2757506,25.07551,21.974966,10.281908,0.54842895,-0.0013837955,-0.08184904,-0.081459485,0.021795617,0.95682997,-20.21784,-0.02712385,0.8738006,0.02533158,18.48,18.142,0.049403686,0.0,0.0,0.0,0.0,0.7454635
2025-06-09 00:00:00+00:00,22.627142,23.459524,22.62725,21.967972,-0.35543293,25.190218,21.72883,12.935306,0.54200035,0.0036951466,-0.08965234,-0.059714455,0.021546394,0.96034646,-14.008815,-0.035481565,0.5336844,0.024942482,16.77,17.782,-0.09253242,0.0,0.0,0.0,0.0,0.9952039
2025-06-10 00:00:00+00:00,22.301428,23.328094,22.626,20.77923,-0.44811356,25.273178,21.383013,0.65035963,0.5462859,-0.019788325,-0.10012678,-0.11471323,0.019340027,0.9413948,-14.716953,-0.044009864,1.1370555,0.025647214,17.16,17.542,0.023255777,0.0,0.0,0.0,0.0,0.6311844
2025-06-11 00:00:00+00:00,21.965714,23.189047,22.62515,22.293036,-0.49806994,25.216045,21.16205,7.8048735,0.54771453,0.010328696,-0.031067027,-0.119476266,0.019072613,0.95115393,-3.4150512,-0.05275477,0.8338383,0.025451405,16.95,17.394001,-0.012237709,0.0,0.0,0.0,0.0,1.0804639
2025-06-12 00:00:00+00:00,21.705713,23.086666,22.6266,28.105934,-0.5052088,25.158327,21.015007,20.727262,0.54557174,0.015334569,0.007841332,-0.089583315,0.019396396,0.96567756,6.137963,-0.05981599,1.2300099,0.024968946,17.26,17.324,0.018289054,0.0,0.0,0.0,0.0,1.4184495
2025-06-13 00:00:00+00:00,21.681429,23.009523,22.6277,34.130466,-0.48988777,25.111937,20.90711,27.941193,0.539143,0.008695677,0.018013917,-0.06846995,0.019455064,0.97402745,13.351236,-0.057719342,1.4866191,0.024462013,18.02,17.232,0.04403246,0.0,0.0,0.0,0.0,1.5127764
2025-06-16 00:00:00+00:00,21.648571,22.926191,22.62515,27.016172,-0.5193669,25.13303,20.71935,6.2500043,0.56571454,-0.026769515,-0.012885356,-0.075431034,0.019823376,0.94806004,4.723137,-0.055727456,1.8790352,0.026373627,20.82,18.042,0.15538286,0.0,0.0,0.0,0.0,0.83967704
2025-06-17 00:00:00+00:00,21.648571,22.82,22.6238,27.016144,-0.52059007,25.048578,20.591421,13.909735,0.58178604,0.0093239555,0.016431943,-0.093383566,0.018610163,0.9569568,-1.0897907,-0.051333386,0.8338867,0.026872322,19.11,18.432001,-0.082132526,0.0,0.0,0.0,0.0,1.2593442
2025-06-18 00:00:00+00:00,21.607143,22.689524,22.6224,27.974974,-0.53236777,24.904478,20.474571,6.106867,0.5717859,-0.0096997265,-0.0037174686,-0.11331678,0.018220259,0.9477332,-6.1554914,-0.047703963,0.9253004,0.026669107,21.6,19.362,0.13029826,0.0,0.0,0.0,0.0,1.0377581
2025-06-20 00:00:00+00:00,21.615715,22.56381,22.62045,27.066133,-0.54191023,24.766012,20.361607,8.633089,0.58357155,-0.0037313397,-0.022425618,-0.10999998,0.018218962,0.9442783,0.049960107,-0.042018365,0.7394219,0.027320752,20.14,20.362,0.0,0.0,0.0,0.0,0.0,1.0579786
2025-06-23 00:00:00+00:00,21.597143,22.433332,22.61765,22.925749,-0.54081786,24.569492,20.297174,10.150322,0.5778573,0.0014044372,-0.029491901,-0.11355159,0.01812094,0.94572157,-4.0903964,-0.037274435,1.2618674,0.02701529,20.62,20.322,0.023833241,0.0,0.0,0.0,0.0,1.1612754
2025-06-24 00:00:00+00:00,21.528572,22.308096,22.614,23.863632,-0.53539413,24.36541,20.25078,13.076937,0.5717858,-0.0009349486,-0.0037296,-0.109583296,0.018149126,0.94498986,-4.111343,-0.03494351,0.7150691,0.026756458,19.83,20.466,-0.03831236,0.0,0.0,0.0,0.0,1.1667134
2025-06-25 00:00:00+00:00,21.407143,22.198095,22.6074,33.653854,-0.5394024,24.234667,20.161524,11.428564,0.4657143,-0.008423037,-0.021247072,-0.09829785,0.017818838,0.9373037,6.5877213,-0.035631515,0.82598615,0.021978013,17.48,19.642,-0.11850733,0.0,0.0,0.0,0.0,1.0178411
2025-06-26 00:00:00+00:00,21.367144,22.07619,22.6007,40.229877,-0.5379913,24.032528,20.119852,14.912295,0.4378571,-0.000943863,-0.012593305,-0.1078803,0.017532362,0.93669665,17.304129,-0.032118186,0.802551,0.020682894,16.76,18.966,-0.041189894,0.0,0.0,0.0,0.0,1.0914546
2025-06-27 00:00:00+00:00,21.29,21.941904,22.59195,39.772736,-0.535541,23.744932,20.138878,14.876069,0.4149998,-0.002834174,-0.01170412,-0.117843695,0.017262533,0.93440366,15.909105,-0.029710466,0.7914449,0.019658912,16.59,18.256,-0.010143203,0.0,0.0,0.0,0.0,1.0786513
2025-06-30 00:00:00+00:00,21.210001,21.814762,22.58035,34.767014,-0.54586595,23.515158,20.114367,5.2631354,0.42571408,-0.010895379,-0.023842929,-0.113375805,0.017151028,0.92469776,1.1131591,-0.027722584,1.1571919,0.020388596,16.32,17.396,-0.016274892,0.0,0.0,0.0,0.0,0.90154153
2025-07-01 00:00:00+00:00,21.148571,21.688572,22.56975,42.323673,-0.5437459,23.224089,20.153055,13.878994,0.41321415,0.0023946909,-0.020589637,-0.11238336,0.017175116,0.9273475,2.0937972,-0.024897894,1.0599699,0.019742662,16.73,16.776,0.02512254,0.0,0.0,0.0,0.0,1.072541
2025-07-02 00:00:00+00:00,21.088572,21.550476,22.55915,37.66812,-0.5326975,22.745993,20.35496,16.7259,0.42357117,0.001911085,-0.010382313,-0.12149147,0.01678145,0.92955625,-2.1046135,-0.021433609,0.8573536,0.020198902,16.83,16.646,0.0059773093,0.0,0.0,0.0,0.0,1.1417644
2025-07-03 00:00:00+00:00,21.02143,21.418571,22.54825,25.888273,-0.5235548,22.155003,20.68214,14.482707,0.4196426,-0.0033380876,-0.012753919,-0.11702579,0.016781945,0.92690116,-8.878739,-0.018541982,0.9246032,0.020078583,16.64,16.622,-0.011289396,0.0,0.0,0.0,0.0,1.0820602
2025-07-07 00:00:00+00:00,21.001429,21.363333,22.53655,24.352242,-0.4984595,22.020155,20.706512,26.181725,0.40571404,0.0071770153,-0.00284232,-0.052228723,0.011064819,0.9340382,-17.971432,-0.016940469,0.32543397,0.019273818,16.38,16.592,0.0,0.0,0.0,0.0,0.0,1.276547
2025-07-08 00:00:00+00:00,20.962856,21.32619,22.52415,31.543535,-0.48508322,21.995892,20.656488,15.671572,0.37714264,-0.0071258727,0.0009578764,-0.035977893,0.010000069,0.9278929,-6.124587,-0.017036961,0.6292583,0.018045094,17.79,16.803999,0.0860807,0.0,0.0,0.0,0.0,1.0901726
2025-07-09 00:00:00+00:00,20.904285,21.280952,22.5107,18.120758,-0.48502958,21.986187,20.575718,16.418,0.36499977,-0.009569324,-0.010988989,-0.043879855,0.010145784,0.91956276,-7.7675166,-0.017699717,0.9014804,0.01763283,16.81,16.8,-0.055087205,0.0,0.0,0.0,0.0,0.95021033
2025-07-10 00:00:00+00:00,20.887142,21.234762,22.49855,24.626785,-0.47467387,21.943525,20.526,22.950853,0.3621427,0.0028985247,-0.010014263,-0.04463872,0.010124559,0.92272615,0.27454343,-0.016370285,0.85628307,0.017444246,15.94,16.66,-0.051754903,0.0,0.0,0.0,0.0,1.11366
2025-07-11 00:00:00+00:00,20.885714,21.216667,22.48865,34.50698,-0.4483875,21.93773,20.495602,36.065582,0.35714272,0.007707122,0.00095695973,-0.017840337,0.009483424,0.93024707,2.963447,-0.015598705,0.6880201,0.017071823,15.78,16.539999,-0.010037632,0.0,0.0,0.0,0.0,1.2900435
2025-07-14 00:00:00+00:00,20.938572,21.208096,22.48025,48.618805,-0.38917866,21.918211,20.497978,85.14856,0.3907141,0.020076485,0.013776766,-0.008364326,0.010262627,0.9492777,30.498047,-0.012708536,1.3904321,0.018308993,16.4,16.544,0.039290234,0.0,0.0,0.0,0.0,1.6648674
2025-07-15 00:00:00+00:00,21.07,21.206667,22.47425,59.911877,-0.30006433,21.91146,20.501873,63.5071,0.47571415,0.022492949,0.044019144,-0.0013730291,0.010908206,0.9708889,35.28509,-0.0064445175,2.90118,0.021801738,17.2,16.426,0.04878056,0.0,0.0,0.0,0.0,1.9734801
2025-07-16 00:00:00+00:00,21.118572,21.175714,22.46565,53.968235,-0.2611279,21.776167,20.575262,43.12794,0.4964285,-0.019706706,0.033333264,-0.029491901,0.011518699,0.9521202,19.46125,-0.0026985095,1.5617429,0.023208428,17.38,16.539999,0.010465023,0.0,0.0,0.0,0.0,1.3043338
2025-07-17 00:00:00+00:00,21.254286,21.194761,22.4599,61.486496,-0.19095106,21.854235,20.535288,64.92893,0.5135713,0.021505423,0.052504823,0.018648,0.010999855,0.97284496,12.867691,0.0028084237,1.0822947,0.023504397,17.16,16.784,-0.012658189,0.0,0.0,0.0,0.0,1.8569434
2025-07-18 00:00:00+00:00,21.418571,21.204287,22.4535,62.758617,-0.13379315,21.896343,20.512228,64.92893,0.5245714,0.0,0.04445508,0.009237911,0.010831307,0.97312224,2.846743,0.010105769,0.6609245,0.024007834,16.52,16.932,-0.037296,0.0,0.0,0.0,0.0,1.6820011
2025-07-21 00:00:00+00:00,21.595715,21.230953,22.4472,69.858185,-0.07552082,22.000027,20.461878,72.03792,0.5224285,0.006864971,0.030927828,0.026119377,0.010653565,0.9800777,15.889953,0.017180657,0.641031,0.02374674,16.41,16.934,-0.0066586323,0.0,0.0,0.0,0.0,1.7775273
2025-07-22 00:00:00+00:00,21.768572,21.267618,22.4422,70.68967,-0.01863492,22.130264,20.404974,78.19901,0.5382857,0.0059090527,0.014207125,0.03604862,0.0106344065,0.9860887,9.20317,0.023554685,0.55983955,0.02432379,16.65,16.824,0.014625215,0.0,0.0,0.0,0.0,1.8175814
2025-07-23 00:00:00+00:00,21.95857,21.328571,22.44165,75.00003,0.069223166,22.386349,20.270794,98.42697,0.5575714,0.024401307,0.05984108,0.05984108,0.011726006,1.0101752,12.241409,0.029537825,0.7152196,0.024595112,16.5,16.648,-0.009008986,0.0,0.0,0.0,0.0,2.268006
2025-07-24 00:00:00+00:00,22.061428,21.384285,22.4412,73.69946,0.12689868,22.56709,20.201483,89.44855,0.5642143,-0.005734414,0.031578973,0.05474965,0.011849313,1.0044026,3.8412735,0.03166543,0.957202,0.025031678,15.37,16.29,-0.06848486,0.0,0.0,0.0,0.0,1.8828892
2025-07-25 00:00:00+00:00,22.22,21.446667,22.44235,71.641815,0.16744895,22.721066,20.172268,87.71165,0.5613571,-0.0017746635,0.029748267,0.061821587,0.011626572,1.0025688,0.9521469,0.03605843,0.35998037,0.024949193,15.39,16.064,0.001301266,0.0,0.0,0.0,0.0,1.8051075
2025-07-28 00:00:00+00:00,22.36143,21.52619,22.44575,77.401146,0.22443338,22.929935,20.122446,98.74474,0.5774285,0.015111118,0.038181826,0.07888522,0.011884478,1.0175645,2.401117,0.038801007,0.526911,0.025281448,14.93,15.768,-0.02988954,0.0,0.0,0.0,0.0,2.1241806
2025-07-29 00:00:00+00:00,22.434286,21.585714,22.4476,71.727745,0.22823109,23.020992,20.150436,78.389824,0.5824285,-0.02101574,0.010393198,0.059213642,0.012993943,0.9960976,-1.9717116,0.039311703,0.52314013,0.026047776,15.03,15.444,0.006697885,0.0,0.0,0.0,0.0,1.485108
2025-07-30 00:00:00+00:00,22.458572,21.647142,22.4492,67.8481,0.21344884,23.065891,20.228395,68.5393,0.6217142,-0.008497341,-0.02205558,0.061781656,0.012877367,0.987563,-3.7937164,0.037484314,1.5634946,0.028043026,15.98,15.34,0.06320691,0.0,0.0,0.0,0.0,1.4272288
2025-07-31 00:00:00+00:00,22.394285,21.682858,22.44995,58.878506,0.16034654,23.063019,20.302696,46.516838,0.6452856,-0.02210193,-0.03815442,0.03583373,0.013990416,0.9657037,-18.522638,0.032810647,0.8604027,0.029764082,15.48,15.3619995,-0.03128911,0.0,0.0,0.0,0.0,1.0333225
2025-08-01 00:00:00+00:00,22.218573,21.705238,22.45055,51.219517,0.09776957,23.05168,20.358797,24.934395,0.62385696,-0.0110701,-0.047111087,0.02241303,0.014267945,0.95498776,-20.508232,0.023650208,1.5791761,0.029097792,16.72,15.627999,0.080103345,0.0,0.0,0.0,0.0,1.0155638
2025-08-04 00:00:00+00:00,22.082857,21.738096,22.4512,46.949608,0.05959364,23.034761,20.44143,24.705875,0.5324283,0.0069962507,-0.054728545,0.03301438,0.014283515,0.96164125,-20.898487,0.015859803,0.73775107,0.024660865,20.38,16.717999,0.21889952,0.0,0.0,0.0,0.0,1.3311852
2025-08-05 00:00:00+00:00,22.037144,21.791904,22.4541,60.050903,0.07607013,23.062159,20.52165,56.32908,0.54707116,0.027327474,-0.008050103,0.053681765,0.01531344,0.9877929,1.1723956,0.011253635,1.6499882,0.024665056,17.52,17.216,-0.14033361,0.0,0.0,0.0,0.0,1.926342
2025-08-06 00:00:00+00:00,21.865715,21.827143,22.4535,47.381535,0.045035172,23.032898,20.621387,20.38826,0.5434998,-0.0243463,-0.02390621,0.03540669,0.016290447,0.96376956,-3.837983,0.0017671335,0.9089987,0.025115507,17.85,17.59,0.018835612,0.0,0.0,0.0,0.0,1.1703025
2025-08-07 00:00:00+00:00,21.734285,21.862381,22.45205,45.130642,0.004252486,22.96896,20.755802,7.4433503,0.54142845,-0.009242091,-0.0110701,0.03574878,0.016279196,0.954924,-1.8189665,-0.0058591566,1.5903178,0.025253179,16.77,17.848,-0.060504194,0.0,0.0,0.0,0.0,1.1313908
2025-08-08 00:00:00+00:00,21.675714,21.91,22.4536,47.260277,-0.0022211815,22.896935,20.923065,36.571392,0.5742855,0.014925359,0.014925359,0.048169557,0.016529404,0.96910965,-12.790626,-0.010693086,1.4068545,0.026391786,16.57,17.818,-0.011926103,0.0,0.0,0.0,0.0,1.5706468
2025-08-11 00:00:00+00:00,21.627144,21.93,22.4517,41.541767,-0.04077211,22.847235,21.012766,19.895325,0.6009284,-0.019301474,-0.011579434,0.020076485,0.017133307,0.9504848,-5.8397675,-0.013810166,1.1995822,0.028159708,15.15,16.772,-0.08569705,0.0,0.0,0.0,0.0,1.0662972
2025-08-12 00:00:00+00:00,21.595715,21.924286,22.4432,32.941166,-0.08008391,22.858301,20.99027,13.612565,0.5841428,-0.005623282,-0.04328228,-0.005623282,0.01661921,0.94549793,-12.189475,-0.014986639,0.95473236,0.027527925,16.25,16.518,0.072607286,0.0,0.0,0.0,0.0,1.1012214
2025-08-13 00:00:00+00:00,21.64,21.928095,22.43805,43.33332,-0.05572607,22.860975,20.995214,49.21464,0.6203571,0.032045256,0.012014798,0.0036663576,0.017382754,0.97602063,-3.9269547,-0.01313818,0.8518409,0.028326796,14.73,15.894,-0.09353849,0.0,0.0,0.0,0.0,1.8764411
2025-08-14 00:00:00+00:00,21.572857,21.943333,22.4328,42.020195,-0.05116398,22.849365,21.037302,39.26698,0.64464295,-0.008675824,0.012593215,0.014960248,0.016907565,0.9677793,0.47842735,-0.016883321,0.7007474,0.029693354,14.49,15.438,-0.016293263,0.0,0.0,0.0,0.0,1.4552668
2025-08-15 00:00:00+00:00,21.49,21.905714,22.42325,33.07984,-0.098858446,22.890226,20.921202,12.271479,0.66785705,-0.029940104,-0.032169152,-0.03615565,0.017481346,0.9392037,0.13867463,-0.018977439,0.93155324,0.031712096,14.83,15.09,0.02346447,0.0,0.0,0.0,0.0,0.8252981
2025-08-18 00:00:00+00:00,21.455713,21.874762,22.41605,38.211388,-0.12393112,22.906374,20.84315,23.219818,0.65392846,0.006647735,-0.006560421,-0.029748267,0.017571852,0.94575095,-5.121933,-0.019156674,0.85407495,0.030845668,15.09,15.078,0.017532045,0.0,0.0,0.0,0.0,1.2229611
2025-08-19 00:00:00+00:00,21.36143,21.831905,22.40715,38.923405,-0.15013987,22.915152,20.748657,18.032766,0.61178577,-0.004716999,-0.005654992,-0.040909074,0.017484631,0.94166374,-3.0967913,-0.021549938,0.6997244,0.028994571,14.99,14.826,-0.0066269306,0.0,0.0,0.0,0.0,1.1430274
2025-08-20 00:00:00+00:00,21.382856,21.801428,22.4007,47.99154,-0.13785173,22.885464,20.717394,45.547905,0.59535724,0.018483384,-0.018721454,-0.028919991,0.017971858,0.959345,14.911696,-0.019199273,0.734216,0.027703905,15.57,14.9939995,0.038692456,0.0,0.0,0.0,0.0,1.5968148
2025-08-21 00:00:00+00:00,21.44143,21.751905,22.3944,52.05182,-0.11548527,22.761768,20.74204,55.13691,0.58928585,0.00651463,-0.0036849345,-0.045875646,0.017098349,0.96586645,13.840432,-0.014273524,0.5441283,0.027243903,15.69,15.234,0.007707122,0.0,0.0,0.0,0.0,1.6104926
2025-08-22 00:00:00+00:00,21.375713,21.699524,22.38695,48.39401,-0.11180221,22.65007,20.748978,42.1233,0.58464295,-0.008784033,0.018043736,-0.048802145,0.017143697,0.95770085,9.470606,-0.014922425,0.48195216,0.02726878,16.6,15.588,0.057998776,0.0,0.0,0.0,0.0,1.337704
2025-08-25 00:00:00+00:00,21.36143,21.657143,22.38135,43.29412,-0.09408126,22.534323,20.779963,56.27245,0.547143,0.007929108,0.019339615,-0.039555527,0.017287042,0.96553606,-4.6974173,-0.013654346,0.46400544,0.02531896,14.22,15.414,-0.1433735,0.0,0.0,0.0,0.0,1.5570234
2025-08-26 00:00:00+00:00,21.380001,21.578571,22.3721,44.55207,-0.11262945,22.290844,20.866299,32.15862,0.5392858,-0.01943545,0.00426541,-0.072241664,0.017243199,0.9471619,-7.4997497,-0.009202238,0.43854457,0.02545,14.79,15.374,0.040084366,0.0,0.0,0.0,0.0,1.0786306
2025-08-27 00:00:00+00:00,21.321428,21.503809,22.3599,42.494232,-0.15778679,22.201017,20.806602,3.3058634,0.5592857,-0.01887681,-0.032573238,-0.07021465,0.017140092,0.92978954,-5.899778,-0.00848132,0.99931955,0.026901655,14.62,15.184,-0.011494258,0.0,0.0,0.0,0.0,0.8308333
2025-08-28 00:00:00+00:00,21.27143,21.43619,22.35115,37.530865,-0.19455928,22.13746,20.73492,3.2129228,0.5164288,-0.0019240458,-0.040684197,-0.064050525,0.017100813,0.92836386,-5.7632565,-0.007686146,0.9109781,0.024888124,14.85,15.016,0.015731908,0.0,0.0,0.0,0.0,0.99360025
2025-08-29 00:00:00+00:00,21.135715,21.381905,22.339,39.583344,-0.2379045,22.17446,20.58935,7.2131567,0.48107162,-0.0101204375,-0.04197759,-0.052582998,0.016625177,0.9194682,-4.968727,-0.011513946,0.77864724,0.023421196,14.43,14.582,-0.028282832,0.0,0.0,0.0,0.0,0.8700575
2025-09-02 00:00:00+00:00,21.004286,21.347143,22.32415,43.44472,-0.25559217,22.191349,20.502935,18.36058,0.46607155,0.008276444,-0.041647457,-0.034048576,0.016658893,0.92769486,0.95049226,-0.01606101,0.6020959,0.022504652,15.36,14.924,0.0,0.0,0.0,0.0,0.0,1.1691793
2025-09-03 00:00:00+00:00,20.91,21.30857,22.30915,32.926838,-0.26095313,22.17976,20.437382,22.95085,0.41535717,0.0033800872,-0.019348742,-0.037517343,0.016585028,0.9314564,-4.604026,-0.018704722,0.72929347,0.019988304,17.17,15.434,0.11783857,0.0,0.0,0.0,0.0,1.226405
2025-09-04 00:00:00+00:00,20.744286,21.22619,22.29315,31.578962,-0.28850424,22.078259,20.374123,2.7875214,0.4010714,-0.01588065,-0.016354023,-0.077998176,0.01544645,0.91732216,-8.004381,-0.022703283,1.185826,0.019612284,16.35,15.734,-0.0477577,0.0,0.0,0.0,0.0,0.8835801
2025-09-05 00:00:00+00:00,20.651428,21.17381,22.28015,40.90911,-0.2996226,22.05382,20.2938,17.665668,0.35964298,0.0044009853,-0.0101204375,-0.050831724,0.014789359,0.9218969,-2.5356107,-0.024671063,1.1073047,0.017509386,15.3,15.908,-0.06422019,0.0,0.0,0.0,0.0,1.1123828
2025-09-08 00:00:00+00:00,20.341429,21.039524,22.2552,22.198261,-0.45808145,22.449806,19.629242,31.382994,0.59178585,-0.09347615,-0.09347615,-0.13152984,0.02478764,0.8366584,-10.728578,-0.033180155,6.583282,0.03178225,15.18,15.872,-0.007843129,0.0,0.0,0.0,0.0,-0.79512024
2025-09-09 00:00:00+00:00,20.01,20.880953,22.22825,21.775883,-0.59216654,22.65335,19.108555,27.34043,0.6210714,-0.01020411,-0.110091686,-0.15303308,0.024309222,0.8291251,-9.803079,-0.04171034,2.5418112,0.033698916,15.11,15.8220005,-0.0046113734,0.0,0.0,0.0,0.0,-0.19811407
2025-09-10 00:00:00+00:00,19.77143,20.763334,22.204,22.594147,-0.6553709,22.725458,18.801208,36.702145,0.64964265,0.023874147,-0.091915295,-0.115745045,0.02508225,0.8498469,-18.314966,-0.047771905,1.7090498,0.034427255,15.04,15.396,-0.0046326737,0.0,0.0,0.0,0.0,0.5643234
2025-09-11 00:00:00+00:00,19.45143,20.632381,22.1779,18.6508,-0.7293303,22.820549,18.444214,28.586813,0.6821428,-0.021197747,-0.096821584,-0.12959473,0.025314363,0.832811,-3.5474608,-0.05723777,1.0698396,0.036932457,15.35,15.196,0.02061173,0.0,0.0,0.0,0.0,0.14751853
2025-09-12 00:00:00+00:00,19.175714,20.487143,22.15325,25.23902,-0.7486508,22.726225,18.248062,36.785324,0.70714295,0.020573962,-0.082278505,-0.13926937,0.024558706,0.850891,3.4631367,-0.06401223,0.9258052,0.037514195,14.71,15.078,-0.041693833,0.0,0.0,0.0,0.0,0.7384018
2025-09-15 00:00:00+00:00,18.967144,20.35762,22.12775,24.807697,-0.74408823,22.614218,18.10102,41.13712,0.7292858,0.0074270233,0.019871049,-0.12528786,0.024748417,0.8581984,2.2135508,-0.06830246,1.0902311,0.038403656,14.76,14.994,0.0033990613,0.0,0.0,0.0,0.0,0.8218445
2025-09-16 00:00:00+00:00,18.64,20.22381,22.0986,23.369572,-0.7910653,22.633535,17.814083,25.969442,0.7617859,-0.038967866,-0.009766702,-0.13342828,0.025257327,0.82584417,4.718771,-0.078314066,0.99730295,0.041741673,15.69,15.11,0.063008085,0.0,0.0,0.0,0.0,0.04634898
2025-09-17 00:00:00+00:00,18.57,20.07762,22.06805,24.61832,-0.8284284,22.608082,17.547157,25.886955,0.7567859,-0.0065753884,-0.039215773,-0.14481139,0.02507788,0.82154965,-0.6206989,-0.07508951,0.778744,0.041742172,16.36,15.374001,0.042702425,0.0,0.0,0.0,0.0,0.2323889
2025-09-18 00:00:00+00:00,18.557142,19.94619,22.03915,27.726448,-0.83150846,22.539547,17.352835,32.517006,0.78214294,0.011583067,-0.0070383954,-0.1308057,0.025405746,0.8321555,2.918752,-0.06963972,0.699417,0.04264681,15.72,15.448,-0.039119825,0.0,0.0,0.0,0.0,0.5961956
2025-09-19 00:00:00+00:00,18.447144,19.784761,22.009,27.573542,-0.84359103,22.396479,17.173044,25.986399,0.789643,-0.013086138,-0.0397878,-0.15774776,0.024790432,0.82239085,4.2039704,-0.067608535,1.045679,0.043626662,15.7,15.646,-0.0012722937,0.0,0.0,0.0,0.0,0.3519825
2025-09-22 00:00:00+00:00,18.428572,19.628096,21.9803,28.493681,-0.82429856,22.16866,17.087532,32.517006,0.8100001,0.013259656,-0.034228522,-0.15210351,0.025028223,0.83438355,3.8753595,-0.061112575,1.7434654,0.04416574,15.45,15.784,-0.015923567,0.0,0.0,0.0,0.0,0.7186355
2025-09-23 00:00:00+00:00,18.16,19.415237,21.94385,22.026443,-0.9090775,22.064892,16.765585,2.1794639,0.89750016,-0.074700154,-0.070137024,-0.20848885,0.029011646,0.77333736,-5.700006,-0.0646522,2.394896,0.05288743,16.1,15.866,0.042071234,0.0,0.0,0.0,0.0,-0.6882214
2025-09-24 00:00:00+00:00,17.91,19.207144,21.91265,26.222235,-0.94360137,21.818987,16.595299,9.329817,0.95785743,0.015910458,-0.049089875,-0.20222123,0.029317932,0.78676015,-1.3513074,-0.06753438,1.9717128,0.05556014,16.64,15.922,0.03354031,0.0,0.0,0.0,0.0,0.14367315
2025-09-25 00:00:00+00:00,17.711428,19.000952,21.88115,23.863651,-0.99021006,21.638876,16.36303,7.8884306,1.0059289,-0.022041716,-0.0806979,-0.20434166,0.029364131,0.77052623,-4.630029,-0.06786625,1.4336355,0.059663597,16.18,16.014,-0.027644176,0.0,0.0,0.0,0.0,-0.16078049
2025-09-26 00:00:00+00:00,17.431429,18.780952,21.84635,28.915674,-1.0704851,21.559095,16.00281,0.9146549,0.8162861,-0.040925298,-0.10662985,-0.22222225,0.030068178,0.7401694,6.889232,-0.07185595,1.5783367,0.050481483,16.74,16.222,0.034610596,0.0,0.0,0.0,0.0,-0.62426484
2025-09-29 00:00:00+00:00,17.157143,18.574762,21.81425,32.87906,-1.1012365,21.3817,15.767823,10.447771,0.79914325,0.01546073,-0.10468921,-0.2086747,0.030578503,0.752719,6.6568227,-0.0763196,1.2720557,0.048668865,15.29,16.19,-0.08661886,0.0,0.0,0.0,0.0,0.005329766
2025-09-30 00:00:00+00:00,16.905714,18.374762,21.7819,27.041754,-1.1191614,21.192085,15.55744,8.059714,0.7720006,-0.0048721023,-0.037124287,-0.2044791,0.03060423,0.75016415,3.178101,-0.07994917,0.93769115,0.047246028,16.12,16.194,0.054283902,0.0,0.0,0.0,0.0,-0.020623887
2025-10-01 00:00:00+00:00,16.604286,18.161428,21.74935,28.544077,-1.1292262,20.91379,15.409067,4.7761145,0.7334291,-0.0067319833,-0.0585847,-0.2163206,0.030320935,0.7462292,-0.37159857,-0.08573897,0.87499756,0.04518969,16.28,16.122,0.009925548,0.0,0.0,0.0,0.0,-0.02934524
2025-10-02 00:00:00+00:00,16.444286,17.926666,21.7175,21.264374,-1.1545564,20.580189,15.273146,0.8333523,0.72985756,-0.02341338,-0.05990511,-0.23724736,0.030245444,0.7298262,-11.614683,-0.08269134,1.124315,0.046047766,16.29,16.144001,0.00061426463,0.0,0.0,0.0,0.0,-0.29779875
2025-10-03 00:00:00+00:00,16.22857,17.701904,21.68455,18.65386,-1.1708173,20.255457,15.148353,7.3446126,0.71671474,-0.007571031,-0.027210917,-0.2308069,0.03025145,0.7254012,-8.387893,-0.08323017,0.6760673,0.045563526,16.63,16.122,0.02087159,0.0,0.0,0.0,0.0,-0.19876795
2025-10-06 00:00:00+00:00,16.078571,17.476667,21.65255,23.12778,-1.1638329,19.803135,15.150199,10.810818,0.67635745,0.005085879,-0.037149794,-0.2302824,0.030270342,0.73016804,-5.416296,-0.07999778,0.5530084,0.042780332,16.65,16.394001,0.0012026734,0.0,0.0,0.0,0.0,0.027003575
2025-10-07 00:00:00+00:00,16.01,17.337143,21.62065,23.12778,-1.1546704,19.72622,14.948067,6.9952097,0.6542147,-0.007590186,-0.039779715,-0.15735774,0.023816118,0.7256951,1.8634057,-0.07654907,0.6516899,0.041696254,16.37,16.444,-0.016816745,0.0,0.0,0.0,0.0,-0.04277395
2025-10-08 00:00:00+00:00,15.981428,17.231905,21.59155,28.189302,-1.092054,19.613482,14.850328,24.038431,0.65885746,0.03377946,-0.0006161571,-0.119913235,0.025474379,0.75121975,9.535443,-0.07256746,0.8173441,0.040620044,17.24,16.636,0.05314593,0.0,0.0,0.0,0.0,0.58666855
2025-10-09 00:00:00+00:00,15.944285,17.099047,21.5644,28.781517,-1.0417186,19.406963,14.791132,19.551271,0.6435003,-0.0086312825,0.014511012,-0.14785378,0.02455542,0.7456734,5.653737,-0.067533664,0.49858013,0.04001865,16.3,16.638,-0.054524392,0.0,0.0,0.0,0.0,0.29341576
2025-10-10 00:00:00+00:00,16.03143,17.02143,21.54055,35.79546,-0.9297837,19.243746,14.799111,50.367638,0.6610004,0.047263697,0.07056584,-0.08825117,0.027036771,0.7817813,12.667682,-0.058161948,1.0135242,0.039251782,16.43,16.598,0.007975526,0.0,0.0,0.0,0.0,1.0921252
2025-10-13 00:00:00+00:00,16.145714,16.916666,21.51495,46.09757,-0.8466464,18.97857,14.854761,43.382324,0.58421475,-0.011282692,0.053130876,-0.116710916,0.026474759,0.7738805,17.908264,-0.04557352,0.5543023,0.035087954,21.66,17.6,0.31832013,0.0,0.0,0.0,0.0,0.6201734
2025-10-14 00:00:00+00:00,16.215714,16.784761,21.4881,38.02817,-0.80616397,18.632925,14.936599,36.76466,0.5335004,-0.025825845,0.03377946,-0.14586627,0.026653415,0.7548364,9.246653,-0.03390262,0.6097352,0.032891497,19.03,18.132,-0.12142194,0.0,0.0,0.0,0.0,0.19610894
2025-10-15 00:00:00+00:00,16.264286,16.684761,21.46105,41.012653,-0.7708439,18.423986,14.945537,43.58969,0.49328613,-0.0043156412,-0.0043156412,-0.11506852,0.025637522,0.75252604,5.2171903,-0.025201209,0.46880972,0.030544015,20.81,18.846,0.09353645,0.0,0.0,0.0,0.0,0.29270518
2025-10-16 00:00:00+00:00,16.345715,16.595715,21.43375,51.33531,-0.725612,18.211246,14.980183,53.378357,0.4711432,0.0068111834,0.011194048,-0.10314391,0.025775151,0.7586167,5.237746,-0.015064132,0.42194265,0.028975576,20.64,19.714,-0.008169154,0.0,0.0,0.0,0.0,0.48242316
2025-10-17 00:00:00+00:00,16.044285,16.394285,21.39665,28.083502,-0.8534148,18.14551,14.643063,2.0689466,0.6061432,-0.13222636,-0.16211404,-0.23064342,0.03758808,0.659449,-9.944669,-0.021348896,2.1277556,0.042958383,25.31,21.49,0.2262597,0.0,0.0,0.0,0.0,-1.6718687
2025-10-20 00:00:00+00:00,15.931428,16.260475,21.3672,41.758244,-0.8496886,17.889458,14.6314945,42.758606,0.67721456,0.083628654,-0.08168166,-0.15524864,0.042951692,0.7155828,0.7455933,-0.020236032,1.2624288,0.04429131,20.78,21.314,-0.17898059,0.0,0.0,0.0,0.0,0.38325512
2025-10-21 00:00:00+00:00,15.662857,16.099524,21.33525,40.364197,-0.86341095,17.520136,14.678911,31.3793,0.68071455,-0.021582728,-0.07768183,-0.18429662,0.04279892,0.701187,-10.971116,-0.027122945,0.76387376,0.04550228,18.23,21.154,-0.1227142,0.0,0.0,0.0,0.0,-0.14474502
2025-10-22 00:00:00+00:00,15.417143,16.00238,21.3035,42.62821,-0.8667157,17.451696,14.553065,30.344826,0.67107165,-0.0020053298,-0.07554176,-0.120212086,0.04004967,0.70082384,14.544707,-0.03657192,0.69831395,0.044947837,17.87,20.566,-0.019747598,0.0,0.0,0.0,0.0,-0.031387996
2025-10-23 00:00:00+00:00,15.2699995,15.904762,21.27345,45.76803,-0.8386872,17.278131,14.531392,39.310314,0.68564314,0.017414553,-0.065805696,-0.11890952,0.0400908,0.7140356,4.009782,-0.039910156,0.67343485,0.045137767,18.6,20.158,0.04085056,0.0,0.0,0.0,0.0,0.30872238
2025-10-24 00:00:00+00:00,15.118571,15.820477,21.243351,44.375,-0.815147,17.164566,14.476386,35.86206,0.67814314,-0.006583241,0.06945433,-0.10498223,0.039907947,0.71033996,4.0108023,-0.04436682,0.6155848,0.044939876,17.3,18.556,-0.06989253,0.0,0.0,0.0,0.0,0.15861534
2025-10-27 00:00:00+00:00,14.938571,15.764762,21.2131,44.583992,-0.7945939,17.144524,14.384999,32.758606,0.68385744,-0.0059642247,-0.018966643,-0.07235622,0.039031226,0.7071102,1.9557819,-0.05240738,0.64701724,0.045590464,16.37,17.674,-0.053757135,0.0,0.0,0.0,0.0,0.12024423
2025-10-28 00:00:00+00:00,15.077143,15.700953,21.183,40.371628,-0.7630541,17.077381,14.324524,35.517223,0.66135746,0.005333328,0.008021383,-0.0816078,0.038856275,0.7118916,-5.3964,-0.03973065,0.6183644,0.04385657,15.79,17.186,-0.03543072,0.0,0.0,0.0,0.0,0.2676642
2025-10-29 00:00:00+00:00,14.965714,15.61381,21.1513,37.6378,-0.7751177,17.050701,14.176917,15.862067,0.6888574,-0.03779839,-0.028131284,-0.1119951,0.039580494,0.6860098,-6.7372,-0.041507788,0.9915041,0.04747463,16.42,16.896,0.03989868,0.0,0.0,0.0,0.0,-0.29661408
2025-10-30 00:00:00+00:00,14.872857,15.522381,21.118,28.151989,-0.79169035,17.036842,14.007918,8.965524,0.703143,-0.013783584,-0.057932798,-0.118299395,0.039626993,0.677621,-16.432003,-0.041844305,2.0843139,0.04913644,16.92,16.56,0.03045067,0.0,0.0,0.0,0.0,-0.24823803
2025-10-31 00:00:00+00:00,14.774285,15.445714,21.08405,28.747797,-0.8012366,17.050814,13.840615,8.118058,0.70100003,-0.0048917294,-0.056328718,-0.10157733,0.039406918,0.67539203,-11.62383,-0.04347018,1.1083059,0.049227495,16.91,16.482,-0.00059103005,0.0,0.0,0.0,0.0,-0.14909858
2025-11-03 00:00:00+00:00,14.657143,15.380952,21.05165,32.774677,-0.7892147,17.046484,13.715421,12.9151125,0.6895714,0.009129222,-0.042000007,-0.08645897,0.03950643,0.6826068,-4.863119,-0.047058783,1.4439048,0.047986843,17.44,16.696,0.031342443,0.0,0.0,0.0,0.0,0.08914492
2025-11-04 00:00:00+00:00,14.807143,15.396667,21.0264,49.929276,-0.62960523,17.085268,13.708066,67.08858,0.8606428,0.123173244,0.07029174,0.0208728,0.04823357,0.76760644,21.777288,-0.038289025,4.9401007,0.05332356,17.17,16.972,-0.015481677,0.0834,0.0,0.0,1.0,1.8706483
2025-11-05 00:00:00+00:00,14.945714,15.41,21.00075,47.96634,-0.5109414,17.112692,13.707308,61.70886,0.85849994,-0.010532783,0.10062026,0.017845806,0.048267383,0.76044905,19.218542,-0.030128833,1.8947562,0.053757004,19.0,17.488,0.10658124,0.0,0.0,0.0,0.0,1.0243807
2025-11-06 00:00:00+00:00,15.11,15.410476,20.9779,70.22902,-0.3914077,17.114124,13.706827,69.93668,0.72421426,0.01628048,0.13417184,0.00061653694,0.0478397,0.7736713,37.454338,-0.019498162,1.2981609,0.044621926,18.01,17.706,-0.05210525,0.0,0.0,0.0,0.0,1.1701114
2025-11-07 00:00:00+00:00,15.388571,15.428572,20.95645,63.636364,-0.27494794,17.169746,13.687396,77.21515,0.65814275,0.0141712595,0.15589882,0.023631789,0.047865976,0.78543836,13.707088,-0.0025925974,1.357649,0.03998435,19.5,18.224,0.0827318,0.0,0.0,0.0,0.0,1.2305311
2025-11-10 00:00:00+00:00,15.755713,15.430476,20.9371,71.917816,-0.14706695,17.178211,13.682741,90.506294,0.67035717,0.02551641,0.1746694,0.002375238,0.04707115,0.80622435,23.951477,0.021077616,0.97745746,0.03971308,19.08,18.552,-0.021538466,0.0,0.0,0.0,0.0,1.489339
2025-11-11 00:00:00+00:00,16.117142,15.436191,20.91705,70.62782,-0.053974144,17.20137,13.671011,87.02532,0.6685715,-0.006516511,0.039033525,0.0072072577,0.04701955,0.8017383,0.3988078,0.04411398,0.88449365,0.03986709,17.6,18.638,-0.077568114,0.0,0.0,0.0,0.0,1.1437625
2025-11-12 00:00:00+00:00,16.452856,15.46,20.89345,68.00001,0.015588214,17.282152,13.637848,85.44301,0.64500004,-0.0029815827,0.046962995,0.030826142,0.046620697,0.80025077,4.363643,0.06422097,0.5755353,0.038576536,17.28,18.294,-0.0181818,0.0,0.0,0.0,0.0,1.0470948
2025-11-13 00:00:00+00:00,16.528572,15.484762,20.87,68.80954,0.06592245,17.359665,13.6098585,83.86075,0.6575001,-0.002990385,0.027110323,0.032198172,0.04661192,0.7987542,-3.1082802,0.06740876,0.6865374,0.039442092,17.51,18.194,0.013310159,0.0,0.0,0.0,0.0,0.97676665
2025-11-14 00:00:00+00:00,16.642857,15.5090475,20.8473,71.0214,0.11258409,17.438543,13.579552,87.02532,0.6603571,0.0059988233,0.01883362,0.031365328,0.04660855,0.8044207,0.39357093,0.073106274,0.6400616,0.039377265,20.0,18.294,0.14220443,0.0,0.0,0.0,0.0,1.0737795
2025-11-17 00:00:00+00:00,16.704285,15.630476,20.822,68.63209,0.13908437,17.510502,13.75045,83.54429,0.66,-0.006559368,-0.013033135,0.1807229,0.03508742,0.8001152,0.632075,0.06869968,0.73592216,0.039615825,19.83,18.444,-0.008500004,0.0,0.0,0.0,0.0,0.91168773
2025-11-18 00:00:00+00:00,16.672857,15.6757145,20.79675,71.14915,0.12475741,17.567017,13.784412,68.94409,0.70642865,-0.025210088,-0.031604096,0.0621321,0.03126504,0.78089124,2.339611,0.063610636,1.1338172,0.043499276,22.38,19.4,0.128593,0.0,0.0,0.0,0.0,0.5129946
2025-11-19 00:00:00+00:00,16.58,15.736191,20.77175,74.61538,0.111313105,17.612532,13.859849,68.63353,0.6717858,-0.0006157776,-0.029306207,0.08489302,0.030760908,0.78134966,3.5939846,0.053622194,0.90894055,0.04139158,24.69,20.882,0.10321722,0.0,0.0,0.0,0.0,0.66918063
2025-11-20 00:00:00+00:00,16.47857,15.79,20.748,72.75001,0.08595003,17.633768,13.946232,62.893066,0.66678584,-0.010474435,-0.03659272,0.07568648,0.030903084,0.7740505,4.1179233,0.04360804,0.6153802,0.041518398,23.66,22.112,-0.04171732,0.0,0.0,0.0,0.0,0.5497279
2025-11-21 00:00:00+00:00,16.397142,15.835714,20.72505,72.474754,0.07227869,17.664545,14.006884,19.85291,0.6693573,0.0056039947,-0.03697083,0.063199475,0.030752132,0.7792502,1.325607,0.035453293,0.5439734,0.041446246,26.42,23.396,0.116652586,0.0,0.0,0.0,0.0,0.7322045
2025-11-24 00:00:00+00:00,16.392857,15.909524,20.70925,59.328365,0.09983214,17.737062,14.0819845,55.882313,0.5115002,0.030340543,-0.0012005076,0.10271698,0.031208115,0.80350566,-15.287018,0.030380104,0.9116057,0.030739175,23.43,24.116,-0.11317183,0.0,0.0,0.0,0.0,1.2217892
2025-11-25 00:00:00+00:00,16.391428,15.993333,20.69215,65.01901,0.12985463,17.807062,14.179605,63.076965,0.50292873,0.0072115893,0.032019734,0.117333345,0.031106707,0.809969,-7.730997,0.024891302,1.2937961,0.030007662,20.52,23.744,-0.12419973,0.0,0.0,0.0,0.0,1.1566316
2025-11-26 00:00:00+00:00,16.444286,16.086191,20.6744,65.15153,0.1734352,17.903193,14.269188,83.84623,0.4886429,0.016109813,0.049291506,0.1293104,0.031188555,0.82372403,-7.3232255,0.02226102,0.85183495,0.028693046,18.56,22.518,-0.095516615,0.0,0.0,0.0,0.0,1.3294923
2025-11-28 00:00:00+00:00,16.584286,16.215239,20.65595,64.61539,0.22075963,17.944916,14.48556,83.660126,0.4865001,0.0111567015,0.07222913,0.18676768,0.02951655,0.83365804,5.287023,0.022759292,0.8578854,0.028252024,17.19,19.378,0.0,0.0,0.0,0.0,0.0,1.3740165
2025-12-01 00:00:00+00:00,16.744286,16.36,20.6379,60.17318,0.26569185,17.920551,14.799449,92.15693,0.46292856,0.0075494237,0.074303456,0.21243885,0.029072225,0.8406863,-4.8458295,0.023489337,0.17463443,0.026681745,16.35,17.962,-0.048865627,0.0,0.0,0.0,0.0,1.3748087
2025-12-02 00:00:00+00:00,16.91,16.501905,20.61675,59.656612,0.2874969,17.766731,15.237079,79.503105,0.4572143,-0.0074928566,0.034855764,0.20926963,0.029142482,0.83524317,-5.494917,0.02473018,0.5162338,0.026551338,17.24,17.306,0.054434214,0.0,0.0,0.0,0.0,1.1395715
2025-12-03 00:00:00+00:00,17.011429,16.620476,20.5914,52.65154,0.27258644,17.431265,15.809687,57.142933,0.46078566,-0.020905849,0.00596661,0.17327772,0.029887537,0.81878847,-11.963848,0.02352233,0.72008675,0.027330093,16.59,16.912,-0.037702996,0.0,0.0,0.0,0.0,0.78368783
2025-12-04 00:00:00+00:00,17.05857,16.66,20.56625,55.55554,0.26657286,17.453146,15.866854,63.97515,0.45149988,0.0065242406,-0.0035232748,0.05142503,0.01407817,0.8251382,-4.6176405,0.023923852,1.0151099,0.026605753,16.08,16.69,-0.030741423,0.0,0.0,0.0,0.0,1.0227232
2025-12-05 00:00:00+00:00,17.091429,16.70857,20.53985,54.19846,0.260419,17.447308,15.969834,65.217415,0.44292852,0.0011785774,-0.013356536,0.06386972,0.013765195,0.8271725,-5.4581532,0.022913812,0.95697427,0.02606994,15.78,16.408,-0.018656729,0.0,0.0,0.0,0.0,1.028522
2025-12-08 00:00:00+00:00,17.077143,16.741905,20.51255,55.25293,0.2478436,17.452583,16.031225,61.49074,0.4372141,-0.0035314576,-0.024207497,0.043130055,0.013488696,0.8253484,2.6013894,0.020023882,0.55985594,0.025824798,15.41,16.22,-0.023447394,0.0,0.0,0.0,0.0,0.9595331
2025-12-09 00:00:00+00:00,17.011429,16.756191,20.47975,61.20691,0.22160536,17.455032,16.057348,49.032295,0.36078548,-0.010041351,-0.026713071,0.018226072,0.01343994,0.8183694,5.651368,0.015232463,0.70083356,0.021526568,16.66,16.104,0.08111616,0.0,0.0,0.0,0.0,0.81032497
2025-12-10 00:00:00+00:00,16.964285,16.762857,20.44835,65.36967,0.21926369,17.46929,16.056425,65.80651,0.34757122,0.01551314,0.009489908,0.0082939165,0.012681434,0.832341,11.17121,0.01201636,1.0265216,0.02042133,16.93,16.172,0.01620651,0.0,0.0,0.0,0.0,1.143352
2025-12-11 00:00:00+00:00,16.97857,16.789047,20.4181,73.33335,0.23886189,17.5362,16.041895,84.45949,0.35399982,0.017626276,0.020624654,0.032796614,0.013103725,0.84826696,18.08042,0.011288541,0.94981825,0.020438777,15.77,16.11,-0.06851742,0.0,0.0,0.0,0.0,1.3619715
2025-12-12 00:00:00+00:00,17.044285,16.81762,20.3886,72.4138,0.25149453,17.598795,16.036442,80.69165,0.35128552,0.0,0.019423187,0.035885192,0.013067482,0.84949434,11.206898,0.0134779215,1.5183679,0.020282064,14.85,15.924,-0.05833862,0.0,0.0,0.0,0.0,1.2229017
2025-12-15 00:00:00+00:00,17.095715,16.849047,20.35955,66.197205,0.25932357,17.657896,16.0402,76.71485,0.32199982,0.0005773804,0.023626676,0.039592072,0.013025739,0.8511976,0.8275326,0.014639797,1.2161694,0.018580476,15.74,15.99,0.059932616,0.0,0.0,0.0,0.0,1.1882565
2025-12-16 00:00:00+00:00,17.127142,16.869999,20.3276,60.56336,0.25292948,17.69292,16.047077,57.432335,0.30557114,-0.006924457,0.026849573,0.026237246,0.013128836,0.8466321,-12.76999,0.015242607,1.1942507,0.017755432,16.5,15.958,0.04828464,0.0,0.0,0.0,0.0,1.0401282
2025-12-17 00:00:00+00:00,17.172857,16.898094,20.2949,55.789455,0.24822845,17.731129,16.065062,61.93695,0.3055713,0.0023242834,0.013513486,0.035414174,0.01300493,0.84996724,-16.62435,0.016259925,0.65159774,0.017714268,16.48,15.868,-0.0012121489,0.0,0.0,0.0,0.0,1.1113642
2025-12-18 00:00:00+00:00,17.247143,16.947618,20.2642,51.724174,0.2441097,17.738945,16.156294,65.315414,0.2859283,0.0017391703,-0.0023094115,0.06403947,0.0114492895,0.8527354,-14.473026,0.017673496,1.0191746,0.016546767,17.62,16.238,0.06917484,0.0,0.0,0.0,0.0,1.1281346
2025-12-19 00:00:00+00:00,17.258572,16.989048,20.2345,43.01676,0.22374187,17.710598,16.267496,45.045074,0.2916426,-0.010416684,-0.012702039,0.05360449,0.011799411,0.84509134,-17.546595,0.015864553,1.3925593,0.017055113,16.87,16.642,-0.042565264,0.0,0.0,0.0,0.0,0.9303948
2025-12-22 00:00:00+00:00,17.215714,17.034761,20.2037,44.252907,0.19885266,17.617363,16.45216,36.03606,0.28164265,-0.004678358,-0.017888024,0.059775904,0.011544415,0.84242,-11.536551,0.010622534,1.2544276,0.016547736,14.91,16.476,-0.116182625,0.0,0.0,0.0,0.0,0.9146394
2025-12-23 00:00:00+00:00,17.171429,17.075714,20.17165,55.395664,0.1762887,17.495169,16.65626,34.909904,0.26378563,-0.0005875575,-0.011621085,0.053250812,0.011549133,0.84326273,3.671489,0.00560529,0.8695969,0.01550767,14.08,15.992001,-0.055667333,0.0,0.0,0.0,0.0,0.9530958
2025-12-24 00:00:00+00:00,17.127144,17.09381,20.13715,51.938026,0.15739913,17.464241,16.72338,36.03606,0.25592858,0.0005879029,-0.013333307,0.022836603,0.009633913,0.84520406,8.921261,0.00195003,0.7348352,0.015036923,14.0,15.496,-0.0056818128,0.0,0.0,0.0,0.0,0.98434955
2025-12-26 00:00:00+00:00,17.127144,17.115238,20.10575,57.534218,0.15596247,17.45539,16.775084,57.432335,0.25385708,0.011163256,-0.0040510185,0.026849573,0.009796075,0.855974,13.281312,0.00069557526,0.40117204,0.014750548,13.47,13.986,0.0,0.0,0.0,0.0,0.0,1.1812232
2025-12-29 00:00:00+00:00,17.118572,17.122858,20.07635,59.154938,0.15146421,17.462158,16.783556,55.180244,0.2470714,-0.0011620309,0.0052631665,0.009395176,0.009198014,0.8562314,3.7592723,-0.00025027638,0.4620732,0.014372964,13.6,13.724,0.009651084,0.0,0.0,0.0,0.0,1.0911694
2025-12-30 00:00:00+00:00,17.105715,17.12143,20.0464,67.20001,0.14621384,17.45926,16.783596,51.93246,0.24064282,0.0,0.009988253,-0.0017420895,0.008867095,0.8575106,15.261988,-0.00091780256,0.66009367,0.013998992,14.2,13.748,0.044117603,0.0,0.0,0.0,0.0,1.0809693
2025-12-31 00:00:00+00:00,17.13857,17.120476,20.019,63.7168,0.1516021,17.455706,16.785246,61.086067,0.23135717,0.008144234,0.018812446,-0.0011527641,0.0088934805,0.8656776,6.182583,0.0010569431,0.4275422,0.013350088,14.33,13.814,0.009154938,0.0,0.0,0.0,0.0,1.2149184
2026-01-02 00:00:00+00:00,17.171429,17.121904,19.9882,46.153862,0.14771424,17.459166,16.784645,49.019714,0.21350002,-0.004616268,0.013513486,0.0017422002,0.00879418,0.86300915,-13.001075,0.0028924248,0.39120772,0.012376806,14.95,14.406,0.0,0.0,0.0,0.0,0.0,1.0753827
2026-01-05 00:00:00+00:00,17.215714,17.14381,19.9581,50.0,0.14856887,17.46917,16.818449,69.91152,0.20578575,0.004057953,0.0063916687,0.027283456,0.0073841405,0.86781806,-17.200012,0.00419421,1.0270638,0.011881388,14.51,14.588,-0.02943141,0.0,0.0,0.0,0.0,1.1584755
2026-01-06 00:00:00+00:00,17.187143,17.136667,19.92455,32.653046,0.10765932,17.483904,16.78943,5.7141533,0.23078564,-0.02886836,-0.02152419,-0.008839106,0.009783403,0.8441847,-31.063755,0.0029454995,1.4407845,0.013720898,14.9,14.728,0.026877973,0.0,0.0,0.0,0.0,0.6298594
2026-01-07 00:00:00+00:00,17.12143,17.125238,19.89135,33.80283,0.06879677,17.506845,16.74363,3.9474576,0.22935717,-0.004161694,-0.025596308,-0.014125943,0.009810318,0.8420746,-12.351034,-0.00022245052,0.96099806,0.013692957,14.75,14.812,-0.0100670885,0.0,0.0,0.0,0.0,0.75003374
2026-01-08 00:00:00+00:00,17.057142,17.11619,19.8585,31.654634,0.03676715,17.52526,16.707119,19.999958,0.22649996,-0.0005970286,-0.03404502,-0.011222713,0.009787815,0.84296393,-18.345366,-0.0034498135,1.193807,0.013530456,15.38,14.898,0.042711873,0.0,0.0,0.0,0.0,0.82234484
2026-01-09 00:00:00+00:00,17.028572,17.127142,19.8266,40.993744,0.031196745,17.507465,16.74682,50.288967,0.23935726,0.014934289,-0.015072477,0.013723123,0.010082347,0.85692954,8.340697,-0.005755282,0.9622115,0.014088118,15.45,14.998,0.0045513455,0.0,0.0,0.0,0.0,1.1129616
2026-01-12 00:00:00+00:00,16.957142,17.118095,19.79525,41.5094,0.013713428,17.517675,16.718515,31.791872,0.23721436,-0.009417295,-0.02829098,-0.011163368,0.009711598,0.85020393,7.7065716,-0.009402473,1.6390382,0.014094725,14.49,14.9939995,-0.062135927,0.0,0.0,0.0,0.0,0.87680477
2026-01-13 00:00:00+00:00,16.921429,17.102858,19.76325,49.404747,0.013420653,17.494425,16.711288,51.445065,0.24935722,0.010101015,0.010701564,-0.018475734,0.0091312295,0.8601824,17.750113,-0.010608088,1.2966936,0.014668063,15.12,15.038,0.04347827,0.0071,0.0,0.0,1.0,1.0974373
2026-01-14 00:00:00+00:00,16.877142,17.088095,19.7308,50.0,0.013836067,17.468496,16.707695,52.601162,0.2600715,0.0005882488,0.015522402,-0.017898353,0.009134862,0.86210394,9.006257,-0.01234499,1.2769445,0.01528932,15.98,15.283999,0.056878284,0.0,0.0,0.0,0.0,1.0552844
2026-01-15 00:00:00+00:00,16.92,17.078094,19.6979,52.809006,0.022778837,17.442492,16.7137,65.318,0.25864288,0.00646682,0.022700183,-0.0121176625,0.009269312,0.8691282,11.299604,-0.009257187,1.3773949,0.015107635,16.75,15.558,0.048185263,0.0,0.0,0.0,0.0,1.1508585
2026-01-16 00:00:00+00:00,16.992857,17.080477,19.6643,51.44512,0.040693734,17.449121,16.711832,81.5029,0.26728576,0.008177534,0.015891729,0.0029053544,0.0093347505,0.87773275,2.0403748,-0.005129775,1.2363958,0.01548584,15.84,15.636,-0.05432835,0.0,0.0,0.0,0.0,1.2423942
2026-01-20 00:00:00+00:00,17.05857,17.078094,19.6309,50.282494,0.049479593,17.442766,16.713425,74.56654,0.2719288,-0.0034762146,0.021984601,-0.0028985066,0.009353926,0.87616974,0.28249258,-0.0011432013,1.5857085,0.015809804,15.86,16.058,0.0,0.0,0.0,0.0,0.0,1.1117785
2026-01-21 00:00:00+00:00,17.144285,17.092857,19.5995,59.25926,0.08691029,17.51277,16.672945,100.0,0.304786,0.022674382,0.034705892,0.017939784,0.010592877,0.8974719,6.450255,0.0030087843,2.0350237,0.017327221,20.09,16.88,0.26670873,0.0439,0.0,0.0,1.0,1.5018848
2026-01-22 00:00:00+00:00,17.222857,17.10619,19.5683,51.12106,0.098493695,17.544436,16.667946,79.32689,0.31442875,-0.011938658,0.021751847,0.016374197,0.010679036,0.88817114,-0.32406238,0.0068201465,1.1014601,0.018091403,16.9,16.91,-0.15878549,0.0,0.0,0.0,0.0,1.1301112
2026-01-23 00:00:00+00:00,17.33,17.140953,19.5454,59.92063,0.13596231,17.659021,16.622883,95.21916,0.34157154,0.021288887,0.036799014,0.04289069,0.011482692,0.9081421,9.638141,0.011029005,1.7413424,0.019243456,15.64,16.869999,-0.07455617,0.0,0.0,0.0,0.0,1.5329576
2026-01-26 00:00:00+00:00,17.442858,17.178572,19.52555,59.59999,0.16775718,17.766697,16.590446,97.647,0.33728585,0.0028168585,0.031286154,0.04644321,0.011467396,0.911626,0.3407316,0.01538461,1.1145487,0.018948633,16.09,16.916,0.028772365,0.0,0.0,0.0,0.0,1.4321299
2026-01-27 00:00:00+00:00,17.517143,17.208096,19.5063,68.981476,0.1779924,17.824362,16.59183,81.33429,0.33257157,-0.008988756,0.025581315,0.03642767,0.011723395,0.90432316,17.860416,0.017959416,1.4592282,0.018853255,16.15,16.973999,0.003728991,0.0,0.0,0.0,0.0,1.2027828
2026-01-28 00:00:00+00:00,17.551428,17.221905,19.4849,66.81615,0.17281501,17.85121,16.5926,70.83958,0.35114303,-0.007936474,-0.005116552,0.016850723,0.011699149,0.8981314,6.895514,0.019133972,1.766868,0.020065304,16.35,16.226,0.012383948,0.0,0.0,0.0,0.0,1.0926635
2026-01-29 00:00:00+00:00,17.571428,17.229048,19.46225,62.605053,0.15402572,17.860233,16.597862,56.39401,0.36471447,-0.009142849,-0.002301439,0.008725981,0.011896131,0.89095557,3.0050635,0.019872284,1.2170167,0.021033118,16.35,16.116001,0.0,0.0,0.0,0.0,0.0,0.9855997
2026-01-30 00:00:00+00:00,17.515715,17.229525,19.4378,54.625576,0.12638146,17.860601,16.598446,39.50841,0.35400024,-0.008073783,-0.030985873,0.00058174686,0.0120420335,0.88487387,-14.3559,0.01661045,0.8881623,0.020581396,16.88,16.364,0.032415826,0.0,0.0,0.0,0.0,0.9204522
2026-02-02 00:00:00+00:00,17.518572,17.232857,19.41125,62.33767,0.11923692,17.866896,16.598818,53.384136,0.35507175,0.01162784,-0.02247189,0.0040392205,0.01218162,0.8963874,-4.478478,0.01657961,0.7276089,0.020406412,17.44,16.634,0.03317544,0.0,0.0,0.0,0.0,1.198836
2026-02-03 00:00:00+00:00,17.465714,17.239048,19.3836,58.796284,0.11068504,17.87632,16.601776,48.53381,0.3461432,-0.0011494516,-0.014739242,0.007536183,0.012135598,0.8966342,-3.8087692,0.013148427,0.5122776,0.019916167,16.34,16.672,-0.06307341,0.0,0.0,0.0,0.0,1.1265715
2026-02-04 00:00:00+00:00,17.435715,17.251905,19.3579,62.28814,0.1194757,17.90669,16.597118,66.74085,0.35757175,0.012082911,0.0051428657,0.015588941,0.012379524,0.9086729,7.662565,0.010654438,0.94109803,0.020328114,18.0,17.002,0.10159118,0.0,0.0,0.0,0.0,1.3359271
2026-02-05 00:00:00+00:00,17.488571,17.30857,19.331,66.666664,0.15850571,18.010633,16.60651,91.891884,0.38185745,0.023877207,0.03863899,0.07074914,0.011366335,0.93166417,4.328998,0.010399467,1.8199899,0.021202512,18.64,17.46,0.035555523,0.0,0.0,0.0,0.0,1.6715169
2026-02-06 00:00:00+00:00,17.57,17.37143,19.31,65.63706,0.19206472,18.099337,16.64352,87.8049,0.38457176,0.0033314528,0.050581332,0.07880595,0.011236543,0.9357846,6.8407807,0.0114309145,1.9721657,0.02128232,21.77,18.438,0.16791852,0.0,0.0,0.0,0.0,1.5383528
2026-02-09 00:00:00+00:00,17.682858,17.437618,19.2847,67.95365,0.2209549,18.177074,16.698162,92.682915,0.37971455,0.003320391,0.041953996,0.08303461,0.011194454,0.9401235,5.6655083,0.014063723,1.1186688,0.02094398,20.37,19.024,-0.064308666,0.0,0.0,0.0,0.0,1.5107307
2026-02-10 00:00:00+00:00,17.822857,17.494286,19.2609,63.111115,0.24506035,18.271114,16.717457,96.31345,0.353143,0.0027579232,0.04602999,0.07004123,0.010904016,0.94388115,-3.5555522,0.018781621,1.5660931,0.019424798,17.36,19.228,-0.14776632,0.0,0.0,0.0,0.0,1.4942143
2026-02-11 00:00:00+00:00,17.954285,17.565239,19.23875,71.55966,0.27232173,18.35923,16.771246,83.745605,0.3574287,0.007700736,0.041500825,0.088532366,0.010540739,0.9522448,5.922595,0.022148702,1.6304817,0.01951029,17.79,19.186,0.024769602,0.0,0.0,0.0,0.0,1.579723
2026-02-12 00:00:00+00:00,18.12,17.63857,19.2164,69.45816,0.30812693,18.495293,16.78185,99.2934,0.36314312,0.0120088,0.029428134,0.09058829,0.01060308,0.96480095,1.5045131,0.027294066,0.7492564,0.019586995,17.65,18.988,-0.007869662,0.0,0.0,0.0,0.0,1.714318
2026-02-13 00:00:00+00:00,18.257143,17.711905,19.1936,68.84424,0.33346558,18.605495,16.818314,77.1117,0.388143,0.0005392838,0.026563339,0.09053492,0.010603917,0.966468,5.7331266,0.030783687,1.0413669,0.02092414,20.82,18.798,0.17960341,0.0153,0.0,0.0,1.0,1.5988902
2026-02-17 00:00:00+00:00,18.355715,17.787144,19.1702,76.767715,0.36148357,18.735786,16.8385,85.28618,0.37321445,0.008086336,0.03143969,0.09228971,0.010627177,0.9754724,5.2080564,0.03196529,0.7298545,0.01995798,20.6,19.492,0.0,0.0,0.0,0.0,0.0,1.6937525
2026-02-18 00:00:00+00:00,18.404285,17.841906,19.14425,71.36149,0.35618156,18.7955,16.88831,69.4823,0.37307152,-0.01550807,0.0126512395,0.06662802,0.011418697,0.96164644,1.9033257,0.031520218,0.7820844,0.020264603,20.29,19.992,-0.015048518,0.0,0.0,0.0,0.0,1.3099785
2026-02-19 00:00:00+00:00,18.511429,17.921906,19.11885,81.55735,0.3854613,18.929667,16.914143,95.09536,0.38200012,0.025529567,0.030567657,0.09767432,0.012298987,0.98750705,12.713108,0.032894026,0.81275016,0.020233046,19.62,20.386,-0.033021197,0.0,0.0,0.0,0.0,1.8535494
2026-02-20 00:00:00+00:00,18.58,17.972857,19.09225,78.96823,0.38645878,19.017656,16.928057,83.106285,0.39199993,-0.011652507,0.006472434,0.06083,0.012043895,0.9773599,2.200513,0.033781085,0.62880176,0.021007488,20.23,20.268,0.031090656,0.0,0.0,0.0,0.0,1.451714
2026-02-23 00:00:00+00:00,18.637142,18.036667,19.06765,77.73107,0.38762245,19.093006,16.980328,85.549126,0.38664272,0.0032154054,0.009164425,0.07710013,0.011555414,0.98176754,6.3695855,0.033291955,0.76485837,0.020653982,19.09,19.966,-0.056351922,0.0,0.0,0.0,0.0,1.5401423
2026-02-24 00:00:00+00:00,18.695715,18.09381,19.04455,80.30888,0.4024645,19.212978,16.97464,96.59094,0.39771408,0.012286402,0.013368984,0.067605674,0.011021257,0.99503535,-1.2484627,0.033265766,0.3593656,0.020987539,21.01,20.048,0.10057622,0.0,0.0,0.0,0.0,1.7370597
2026-02-25 00:00:00+00:00,18.761429,18.151428,19.02405,79.09836,0.4142927,19.330076,16.97278,95.30203,0.3805711,0.0031661985,0.032591004,0.067977585,0.011020949,0.9992615,0.13012531,0.033606157,0.41684723,0.02001951,19.55,19.9,-0.06949077,0.0,0.0,0.0,0.0,1.6865349
2026-02-26 00:00:00+00:00,18.77143,18.205238,18.9976,66.81416,0.39969322,19.388988,17.021488,75.39687,0.37428528,-0.012624922,-0.0058262027,0.06405902,0.011248149,0.9880196,-10.916911,0.031100398,0.83194447,0.019940602,17.93,19.562,-0.082864396,0.0,0.0,0.0,0.0,1.3804502
2026-02-27 00:00:00+00:00,18.855715,18.276667,18.9704,69.1358,0.40204754,19.462708,17.090626,92.857155,0.36357102,0.012253571,0.0182208,0.08571429,0.011126943,1.0015603,-11.17308,0.031682324,0.65883917,0.019135308,18.63,19.242,0.03904065,0.0,0.0,0.0,0.0,1.672406
2026-03-02 00:00:00+00:00,18.89,18.36143,18.946,69.87954,0.40888306,19.520433,17.202423,95.082016,0.3698567,0.0063158334,0.021367604,0.10265286,0.010719066,1.009184,-9.218818,0.028787049,0.46257636,0.01934396,19.86,19.396,0.06602263,0.0,0.0,0.0,0.0,1.7053826
2026-03-03 00:00:00+00:00,18.922857,18.441904,18.92215,63.295853,0.39123118,19.491755,17.392054,76.229454,0.37357113,-0.012029364,-0.0031662993,0.09825573,0.010986518,0.9983009,-3.5183096,0.02607932,0.66372365,0.01977612,21.44,19.482,0.07955689,0.0,0.0,0.0,0.0,1.3966432
2026-03-04 00:00:00+00:00,18.841429,18.47762,18.8969,47.40061,0.3139116,19.424591,17.530647,15.573799,0.40249974,-0.039174154,-0.045239378,0.04310345,0.014406379,0.96047497,-21.735193,0.019689202,0.6368888,0.022176282,23.57,20.286,0.09934697,0.0,0.0,0.0,0.0,0.7143335
2026-03-05 00:00:00+00:00,18.732857,18.51619,18.86845,44.336567,0.25294715,19.33234,17.70004,16.80678,0.3835711,0.0022039074,-0.030900368,0.046605375,0.014387003,0.9640432,-25.54297,0.011701472,0.77332073,0.021086909,21.15,20.93,-0.1026729,0.0,0.0,0.0,0.0,1.0550586
2026-03-06 00:00:00+00:00,18.624287,18.547619,18.8388,45.222946,0.2070867,19.25794,17.837297,25.599976,0.37142834,0.0032984861,-0.039473683,0.03752131,0.014214114,0.96874535,-18.072906,0.0041335085,0.87057126,0.020352228,23.75,21.954,0.122931466,0.1245,0.0,0.0,1.0,1.1851069
2026-03-09 00:00:00+00:00,18.57,18.565714,18.81075,45.0479,0.17996423,19.23679,17.894638,36.799927,0.3874998,0.0076711993,-0.03817999,0.021099342,0.0133736385,0.97763246,-2.3527093,0.00023084052,0.4171703,0.021071212,29.49,23.88,0.2416842,0.0,0.0,0.0,0.0,1.3389744
2026-03-10 00:00:00+00:00,18.45,18.57,18.7809,45.928337,0.138316,19.228817,17.911182,18.399963,0.3833569,-0.012506773,-0.03864476,0.0049806396,0.013683375,0.9669398,1.5917711,-0.0064620334,0.66791314,0.02110995,25.5,24.692,-0.1353001,0.0,0.0,0.0,0.0,1.0688182
2026-03-11 00:00:00+00:00,18.284285,18.561905,18.7507,33.571434,0.088154905,19.24708,17.87673,6.8700976,0.36299965,-0.011013258,-0.010468349,-0.009376728,0.013882617,0.95783085,-11.651513,-0.014956394,0.7369166,0.020211551,24.93,24.964,-0.022352928,0.0,0.0,0.0,0.0,0.9554947
2026-03-12 00:00:00+00:00,18.107143,18.536667,18.72145,32.525955,0.023120983,19.313799,17.759535,2.8571463,0.35942826,-0.01726055,-0.029686691,-0.029152952,0.014337933,0.9427688,-12.521948,-0.023171576,0.5175665,0.020364197,24.23,25.58,-0.028078651,0.0,0.0,0.0,0.0,0.7524325
2026-03-13 00:00:00+00:00,17.998571,18.49238,18.68975,28.47898,-0.048835766,19.413942,17.570818,1.6482849,0.3727139,-0.014730891,-0.04712332,-0.05076421,0.014468115,0.9304565,-17.449358,-0.026703402,0.73604935,0.021432646,27.29,26.288,0.12628978,0.0,0.0,0.0,0.0,0.65551686
2026-03-16 00:00:00+00:00,17.898571,18.44238,18.65755,25.33783,-0.09667837,19.46183,17.422932,7.1428123,0.36299965,0.0057504536,-0.048939623,-0.056634363,0.014219285,0.9374221,-8.233604,-0.029486947,0.57266265,0.020754686,27.19,25.828001,-0.0036643597,0.0,0.0,0.0,0.0,0.9195618
2026-03-17 00:00:00+00:00,17.821428,18.40238,18.62835,29.166655,-0.11551033,19.468925,17.335836,19.230688,0.36657116,0.012578577,-0.024779778,-0.04528303,0.014593164,0.9507014,-3.3593016,-0.031569418,0.44037607,0.02069853,23.51,25.43,-0.13534388,0.0,0.0,0.0,0.0,1.166183
2026-03-18 00:00:00+00:00,17.732857,18.358095,18.5993,32.99321,-0.12416193,19.449675,17.266516,22.527468,0.3542855,0.0033879941,-0.010578989,-0.049732633,0.014464603,0.9554123,4.514231,-0.03405789,0.44298747,0.019937271,22.37,24.918001,-0.048489977,0.0,0.0,0.0,0.0,1.1672636
2026-03-19 00:00:00+00:00,17.64,18.315237,18.5675,24.915855,-0.15026605,19.467257,17.16322,8.241738,0.36428562,-0.014631414,-0.007931977,-0.048886456,0.014425869,0.9430457,-0.42197415,-0.036867548,0.6208051,0.02080442,25.09,25.09,0.12159138,0.0,0.0,0.0,0.0,0.87947434
2026-03-20 00:00:00+00:00,17.564285,18.246191,18.5363,21.160421,-0.17538734,19.429432,17.062948,5.6179967,0.36392853,-0.0045688134,0.0023002252,-0.07680079,0.012943328,0.94031715,-8.006231,-0.03737243,0.8581743,0.020879421,24.06,24.444,-0.04105224,0.0,0.0,0.0,0.0,0.9000733
2026-03-23 00:00:00+00:00,17.528572,18.18619,18.51225,22.710642,-0.19546375,19.408442,16.963938,4.827563,0.36464268,-0.0017212097,-0.0051458064,-0.06752413,0.012819743,0.93991816,-10.28257,-0.036160335,1.0933107,0.020956464,26.78,24.362,0.11305076,0.0,0.0,0.0,0.0,0.9347662
2026-03-24 00:00:00+00:00,17.55857,18.132856,18.49185,37.442955,-0.19301115,19.355022,16.910692,24.215292,0.33607143,0.011494297,-0.006211107,-0.059829004,0.013151337,0.95177066,12.527099,-0.03167098,0.8781719,0.019094955,26.15,24.89,-0.023525057,0.0,0.0,0.0,0.0,1.175956
2026-03-25 00:00:00+00:00,17.567142,18.06619,18.47135,35.454533,-0.19287874,19.25338,16.879,19.730885,0.3374999,-0.0028409741,-0.0123804845,-0.073878706,0.012686881,0.95012003,14.294111,-0.027623273,0.5717483,0.019230753,26.95,25.806,0.030592779,0.0,0.0,0.0,0.0,1.0687428
2026-03-26 00:00:00+00:00,17.56,18.001905,18.451,36.88891,-0.18180196,19.118553,16.885256,29.596413,0.33035702,0.0062678414,0.008566512,-0.071015276,0.01278689,0.9571297,14.178267,-0.024547646,0.8803909,0.018706502,25.33,25.854,-0.060111348,0.0,0.0,0.0,0.0,1.1910778
2026-03-27 00:00:00+00:00,17.53143,17.944761,18.43235,31.363682,-0.17823127,19.01831,16.871214,26.286938,0.32035705,-0.0050962716,0.008032094,-0.063931845,0.012620449,0.9532154,-6.079272,-0.023033632,0.6061754,0.018233174,27.44,26.53,0.08330046,0.0,0.0,0.0,0.0,1.0630896
2026-03-30 00:00:00+00:00,17.532858,17.874285,18.41235,34.158463,-0.17739113,18.846409,16.902163,23.456871,0.30821434,-0.0028457164,0.0068966,-0.07789471,0.012124494,0.9515353,-1.2960691,-0.019101648,0.48896876,0.017592132,31.05,27.384,0.13155971,0.0,0.0,0.0,0.0,1.0413189
2026-03-31 00:00:00+00:00,17.505714,17.784761,18.3893,32.857193,-0.19704759,18.61027,16.959253,12.195173,0.32178593,-0.015981775,-0.02045458,-0.098326415,0.012172096,0.93750167,-4.0317144,-0.015690252,0.95646405,0.018665066,30.61,28.276001,-0.0141706485,0.0,0.0,0.0,0.0,0.79010236
2026-04-01 00:00:00+00:00,17.482857,17.70619,18.3653,38.54752,-0.2102024,18.392178,17.020203,30.76923,0.32571453,0.0,-0.017663788,-0.08734778,0.012099939,0.93872684,7.1838384,-0.012613281,1.1576569,0.018892942,25.25,27.936,-0.1751062,0.0,0.0,0.0,0.0,0.9139678
2026-04-02 00:00:00+00:00,17.451427,17.669523,18.34495,49.700592,-0.20694534,18.337969,17.001078,44.230724,0.31707177,0.008120614,-0.01585508,-0.04242427,0.009373113,0.9473997,15.542129,-0.0123430155,0.9545644,0.018243477,24.54,27.778,-0.028118776,0.0,0.0,0.0,0.0,1.0955777
2026-04-06 00:00:00+00:00,17.392857,17.619524,18.3224,40.331497,-0.22118047,18.281506,16.957542,21.153801,0.32142898,-0.013808963,-0.024473552,-0.057724085,0.009659261,0.93546695,7.474305,-0.0128645105,0.7094844,0.01875314,23.87,25.628,0.0,0.0,0.0,0.0,0.0,0.8237809
2026-04-07 00:00:00+00:00,17.341429,17.574286,18.3017,38.285744,-0.21704924,18.183008,16.965563,36.538414,0.3217862,0.009334881,-0.012557147,-0.052054837,0.009935156,0.9452673,-0.2617764,-0.013249874,0.8206986,0.018600348,24.17,24.34,0.0125680445,0.0,0.0,0.0,0.0,1.0799316
2026-04-08 00:00:00+00:00,17.221428,17.495237,18.27855,26.991152,-0.2568091,18.090036,16.90044,7.377054,0.3510719,-0.03294796,-0.02958238,-0.090266444,0.011661021,0.91528046,-22.70944,-0.015650515,1.0453387,0.02098456,25.78,24.446001,0.06661153,-0.7991,0.0,1.0,0.0,0.47879654
2026-04-09 00:00:00+00:00,17.195713,17.45619,18.2583,46.743298,-0.23637235,17.969824,16.942556,57.377056,0.36678615,0.036461484,0.005800486,-0.04515417,0.014512469,0.94970506,6.411798,-0.014921709,1.0259993,0.021152591,21.04,23.746,-0.18386345,0.0248,0.0,0.0,1.0,1.3177961
2026-04-10 00:00:00+00:00,17.222857,17.430952,18.2386,50.0,-0.21048746,17.889772,16.972132,64.75411,0.37714317,0.0051903203,0.002876936,-0.029509956,0.014445346,0.95566547,11.714256,-0.011938261,1.5174428,0.021637576,19.49,22.87,-0.073669255,0.0,0.0,0.0,0.0,1.2367342
2026-04-13 00:00:00+00:00,17.238571,17.416666,18.2194,49.063686,-0.19419031,17.865414,16.96792,58.196743,0.37485763,-0.0045897835,0.012252101,-0.016997125,0.014004393,0.95228165,22.072533,-0.010225562,0.6467629,0.021605615,19.23,21.942,-0.013340186,0.0,0.0,0.0,0.0,1.0891122
2026-04-14 00:00:00+00:00,17.221428,17.410477,18.19985,43.359375,-0.1863884,17.864325,16.956627,50.81969,0.36378616,-0.0051873284,-0.0023120814,-0.0074755126,0.013678134,0.9483595,-3.3839211,-0.01085826,0.8199448,0.02107682,19.12,20.932001,-0.0057201614,0.0,0.0,0.0,0.0,1.0099753
2026-04-15 00:00:00+00:00,17.255714,17.405237,18.1812,46.76806,-0.16857915,17.857769,16.952705,60.65566,0.3620006,0.006952429,0.038852338,-0.0062893433,0.013707063,0.95593244,-3.2319417,-0.00859073,0.8756297,0.020828562,18.36,19.448,-0.039748963,0.0,0.0,0.0,0.0,1.1662374
2026-04-16 00:00:00+00:00,17.255714,17.385714,18.1633,43.07691,-0.15908666,17.817945,16.953484,54.098293,0.3591434,-0.004602988,-0.0023068578,-0.023150755,0.013415158,0.95247006,-5.9867783,-0.007477398,0.6180392,0.020759722,18.17,18.874,-0.010348612,0.0,0.0,0.0,0.0,1.049715
2026-04-17 00:00:00+00:00,17.36,17.370953,18.14595,47.940063,-0.13707304,17.767784,16.97412,77.35836,0.3598577,0.009248546,0.0017211003,-0.017445209,0.013571688,0.96219814,4.5806866,-0.0006304981,0.9608345,0.020610396,17.94,18.564001,-0.012658203,0.0024,0.0,0.0,1.0,1.234392
2026-04-20 00:00:00+00:00,17.398571,17.375713,18.12915,51.62455,-0.10629789,17.781845,16.969582,83.98274,0.36878628,0.008591153,0.014985603,0.005711044,0.013327985,0.97136384,4.856493,0.0013154682,0.85043794,0.020941854,17.48,18.214,-0.02564108,0.0,0.0,0.0,0.0,1.3277451
2026-04-21 00:00:00+00:00,17.42,17.382856,18.11255,56.746033,-0.08336815,17.798172,16.967543,81.38528,0.3477147,-0.0017036165,0.01853996,0.00860583,0.013289662,0.97059774,13.6691265,0.0021367527,0.74100024,0.019778982,18.87,18.164,0.079519525,0.0,0.0,0.0,0.0,1.2232541
2026-04-22 00:00:00+00:00,17.412857,17.378096,18.0938,51.07142,-0.08678943,17.794874,16.961315,57.14281,0.34307194,-0.01592723,-0.004602988,-0.0057471483,0.013761158,0.9561286,3.1313565,0.0020003212,0.9282615,0.019830737,19.5,18.392,0.033386283,0.0,0.0,0.0,0.0,0.9308426
2026-04-23 00:00:00+00:00,17.42,17.364285,18.07585,48.689144,-0.08768312,17.769234,16.959337,58.00863,0.3359292,0.00057804794,0.00057804794,-0.016477324,0.013501677,0.9576313,-2.935406,0.003208544,0.7376253,0.019406645,18.92,18.542,-0.029743586,0.0,0.0,0.0,0.0,1.0435936
2026-04-24 00:00:00+00:00,17.435715,17.36143,18.0598,56.704983,-0.07302507,17.761692,16.961164,73.59306,0.32842922,0.010398632,0.0017182524,-0.0034187732,0.013704496,0.96844923,-0.041051865,0.0042787697,0.7794615,0.018778104,19.31,18.816,0.020613076,0.0,0.0,0.0,0.0,1.2472587
2026-04-27 00:00:00+00:00,17.462856,17.353333,18.04345,53.877556,-0.060708653,17.734665,16.972002,73.59306,0.32842907,0.0,-0.0068143574,-0.009626279,0.013627516,0.9693268,2.806139,0.0063113933,0.3810865,0.018778097,18.71,19.062,-0.031072004,0.0,0.0,0.0,0.0,1.1879915
2026-04-28 00:00:00+00:00,17.472857,17.351429,18.0265,70.83332,-0.047176242,17.728592,16.974266,74.39619,0.30021477,0.0022870735,-0.0028440978,-0.0022765514,0.013594747,0.97245723,22.144176,0.006998193,1.6488307,0.017125761,18.02,18.892,-0.036878604,0.0,0.0,0.0,0.0,1.2146449
2026-04-29 00:00:00+00:00,17.462856,17.35238,18.0075,57.575768,-0.035238568,17.731428,16.973333,59.44071,0.2870004,0.0005704637,0.01387293,0.0011415787,0.0135796815,0.97403866,0.87078464,0.006366636,0.96269417,0.016362611,17.83,18.558,-0.01054387,0.0,0.0,0.0,0.0,1.2032107
2026-04-30 00:00:00+00:00,17.412857,17.351904,17.98455,43.50649,-0.050213564,17.73157,16.97224,23.076942,0.29771477,-0.017673966,-0.0046216017,-0.0005800597,0.013684757,0.9580445,-10.371069,0.003512725,0.76917315,0.017278852,18.81,18.536,0.054963518,0.04435,0.0,0.0,4.0,0.8817354
2026-05-01 00:00:00+00:00,17.445715,17.365715,17.96525,55.11363,-0.03744216,17.74936,16.982069,61.538593,0.30535752,0.017411558,0.0022870735,0.0168214,0.014198653,0.97577274,-15.719693,0.0046067922,1.0181131,0.01741913,16.89,18.052,-0.10207337,0.19615,2.0,0.0,2.0,1.3006848
2026-05-04 00:00:00+00:00,17.462858,17.368095,17.94315,54.802246,-0.034986623,17.752731,16.98346,48.718044,0.31642887,-0.005704528,-0.0034305013,0.002876936,0.01416714,0.97140133,-2.773521,0.005456108,0.6715579,0.018154256,16.99,17.708,0.005920686,0.0,0.0,0.0,0.0,1.1150142
2026-05-05 00:00:00+00:00,17.414286,17.368572,17.91965,44.04149,-0.055000298,17.752045,16.985098,12.82055,0.32000023,-0.016064296,-0.021677185,0.00058344397,0.0142869465,0.9570499,0.5349985,0.0026320287,1.027098,0.018658895,18.29,17.762,0.07651567,-0.1186,0.0,0.0,4.0,0.85714257
2026-05-06 00:00:00+00:00,17.397142,17.371904,17.8965,51.690853,-0.052503787,17.75409,16.98972,43.90253,0.334286,0.0128280595,-0.009692136,0.0040463354,0.014419262,0.9705809,-3.4227753,0.0014528331,0.9257915,0.019245008,17.38,17.671999,-0.049754057,0.0,0.0,0.0,0.0,1.1938068
2026-05-07 00:00:00+00:00,17.418571,17.417143,17.87425,54.954964,-0.025220197,17.689257,17.14503,81.70736,0.3364288,0.01784683,0.026117282,0.05678427,0.0127255535,0.9891324,0.15271743,8.2038474e-05,1.4280249,0.019028766,17.39,17.388,0.0005753872,0.0,0.0,0.0,0.0,1.4520267
2026-05-08 00:00:00+00:00,17.444286,17.435238,17.8495,52.606598,-0.00036595014,17.734945,17.13553,80.68179,0.34100014,0.0022623872,0.010838483,0.0219146,0.010109749,0.99274486,8.565109,0.0005189336,1.633068,0.01924379,17.08,17.426,-0.017826308,0.6338,1.0,0.0,0.0,1.36158
2026-05-11 00:00:00+00:00,17.495714,17.442858,17.82475,50.22625,0.008740617,17.750048,17.135666,65.90914,0.34850025,-0.007336296,0.009179567,0.009179567,0.010224103,0.9868301,-1.4646034,0.0030303134,1.1941342,0.019812396,17.19,17.466,0.006440317,0.0,0.0,0.0,0.0,1.1776967
2026-05-12 00:00:00+00:00,17.444286,17.434286,17.7981,47.234066,-0.017728496,17.761736,17.106836,18.181818,0.3585716,-0.023877207,0.0011662075,-0.010374657,0.011490637,0.9647097,-7.720897,0.00057359005,1.650626,0.0208836,18.38,17.484,0.06922621,0.0,0.0,0.0,0.0,0.7859244
2026-05-13 00:00:00+00:00,17.45,17.444286,17.77125,53.030296,-0.014332808,17.762064,17.126507,52.272675,0.37107155,0.017472291,0.0057569644,0.0121668065,0.012071164,0.98304844,0.42369995,0.0003275756,1.3254511,0.02124049,17.99,17.605999,-0.021218684,0.0,0.0,0.0,0.0,1.2554581
2026-05-14 00:00:00+00:00,17.455715,17.435238,17.7454,44.525566,-0.033845115,17.771013,17.099463,20.4546,0.38107136,-0.016027406,-0.02771492,-0.010932027,0.012504652,0.9687018,-5.700684,0.0011744195,1.6525531,0.022168187,17.87,17.702,-0.006670313,0.0,0.0,0.0,0.0,0.904826
2026-05-15 00:00:00+00:00,17.43,17.43,17.720499,44.525566,-0.04874684,17.777851,17.08215,20.4546,0.37714276,0.0,-0.029909639,-0.006358307,0.012468481,0.970063,-2.7085006,0.0,1.2436286,0.021939648,17.26,17.738,-0.034135453,0.0124,0.0,0.0,1.0,1.006479
2026-05-18 00:00:00+00:00,17.348572,17.413334,17.69765,42.446045,-0.066248216,17.787678,17.03899,14.754139,0.38571426,-0.004653864,-0.027288206,-0.020045733,0.012308124,0.9667951,-10.584252,-0.0037190982,1.1436397,0.022543192,18.43,17.986,0.06778679,0.0,0.0,0.0,0.0,0.9573086
2026-05-19 00:00:00+00:00,17.27143,17.392857,17.67635,43.66196,-0.07362114,17.769056,17.016659,22.404388,0.3778572,0.0040911566,0.0005824245,-0.024417961,0.012173209,0.97192013,-0.8636033,-0.0069815083,1.0297493,0.021994004,17.82,17.874,-0.033098243,0.0184,0.0,0.0,1.0,1.0765377
2026-05-20 00:00:00+00:00,17.208572,17.372381,17.65415,48.4375,-0.08095187,17.752586,16.992176,19.12562,0.36428562,-0.0017462565,-0.018317098,-0.02445963,0.012173317,0.97144294,3.9119365,-0.009429298,0.9558791,0.021241132,18.06,17.888,0.013468001,0.01525,0.0,0.0,4.0,1.0398619
2026-05-21 00:00:00+00:00,17.23,17.373333,17.62985,45.67899,-0.072211534,17.752876,16.99379,37.704884,0.3614284,0.009912541,0.0075624874,0.0011560959,0.011903429,0.9824247,3.2329454,-0.008250188,0.8309568,0.02086768,17.44,17.802,-0.034329955,0.023,0.0,0.0,1.0,1.2272831
2026-05-22 00:00:00+00:00,17.22857,17.380476,17.60895,50.60726,-0.05337273,17.760658,17.000294,53.00538,0.36928558,0.008083106,0.015706722,0.008665489,0.01202978,0.9915412,6.945302,-0.008739962,1.0811083,0.021150365,16.76,17.702,-0.03899084,0.0,0.0,0.0,0.0,1.3086119
2026-05-26 00:00:00+00:00,17.277143,17.382381,17.5894,58.40711,-0.032420572,17.76526,16.999502,60.655838,0.3557141,0.0040092557,0.024547052,0.0022870735,0.011845768,0.996623,9.969608,-0.006054296,0.66114444,0.020291723,16.59,17.11,-0.0065868627,0.0267,0.0,0.0,1.0,1.3092967
2026-05-27 00:00:00+00:00,17.32,17.382381,17.56805,52.884594,-0.018826552,17.76526,16.999502,56.28415,0.3354284,-0.0022818549,0.018044205,0.0,0.01185792,0.99555725,7.2056036,-0.003588753,0.7071812,0.019178284,17.01,16.9,0.02531646,0.0476,0.0,0.0,1.0,1.2194799
2026-05-28 00:00:00+00:00,17.402857,17.39,17.5498,50.253815,0.0079930555,17.79115,16.988852,70.51284,0.34321418,0.011435149,0.031486936,0.0091272015,0.012108932,1.0079887,-0.3534504,0.00073933153,1.2493168,0.01940158,16.29,16.67,-0.042328,0.2872,2.0,0.0,2.0,1.4160787
2026-05-29 00:00:00+00:00,17.46857,17.394762,17.5319,47.9798,0.024925785,17.805645,16.98388,65.58176,0.3286427,-0.0028265202,0.018475734,0.005701167,0.012130653,1.0061659,-10.427308,0.004243189,0.60061914,0.018630529,15.74,16.466,-0.033763114,0.0,0.0,0.0,0.0,1.279915
2026-06-01 00:00:00+00:00,17.487143,17.397142,17.5088,42.98644,0.009190269,17.80458,16.989706,30.078928,0.33971405,-0.02040809,-0.010309187,0.0029019818,0.012346425,0.98693234,-9.898152,0.0051732534,1.6025758,0.019659366,15.32,16.19,-0.026683614,0.0,0.0,0.0,0.0,0.9114886
2026-06-02 00:00:00+00:00,17.491428,17.38857,17.487,54.838715,0.0023411617,17.791822,16.985321,36.98225,0.32142845,0.004050908,-0.0102681285,-0.0102681285,0.011745346,0.9921656,4.5849032,0.0059152115,0.86991864,0.018526124,16.05,16.082,0.047650103,0.0,0.0,0.0,0.0,1.115582
2026-06-03 00:00:00+00:00,17.471428,17.383333,17.4683,45.283035,-0.005444845,17.787182,16.979485,34.0236,0.31785694,-0.0017291461,-0.009719844,-0.006310993,0.011687903,0.99151033,-2.6967645,0.0050678025,0.86119676,0.018352006,15.77,15.834,-0.017445408,0.0602,0.0,0.0,1.0,1.0934447
2026-06-04 00:00:00+00:00,17.37143,17.368095,17.44645,40.0,-0.050571244,17.829035,16.907156,0.8554511,0.32928562,-0.02829098,-0.04861507,-0.018658875,0.012770211,0.9646662,-2.9864407,0.00019192185,1.6915563,0.019565385,16.06,15.788,0.018389283,0.0,0.0,0.0,0.0,0.62466383
2026-06-05 00:00:00+00:00,17.284286,17.344763,17.42535,41.621593,-0.08136183,17.852526,16.836998,16.238546,0.35178566,0.00297084,-0.043083914,-0.028209653,0.012419888,0.96870357,-13.217121,-0.0034867113,1.1434523,0.020840371,15.4,15.719999,-0.041095883,0.0,0.0,0.0,0.0,0.8805042
2026-06-08 00:00:00+00:00,17.287142,17.34619,17.40645,61.53842,-0.03834749,17.858068,16.834312,78.92739,0.38785717,0.049170613,0.024884166,0.0016967636,0.016152808,1.0174389,16.255384,-0.0034040762,1.087053,0.021900449,21.51,16.958,0.39675328,0.0,0.0,0.0,0.0,1.7558455
2026-06-09 00:00:00+00:00,17.274286,17.338095,17.38605,56.877296,-0.016973307,17.830137,16.846054,66.842804,0.38464287,-0.009034435,0.011527311,-0.009593684,0.016268522,1.0094299,16.877296,-0.0036803165,0.89265966,0.021916961,18.92,17.532,-0.120409116,0.0,0.0,0.0,0.0,1.2940238
2026-06-10 00:00:00+00:00,17.365713,17.35381,17.36845,62.70627,0.02948201,17.897959,16.80966,94.7885,0.39535728,0.02108267,0.034642056,0.018760655,0.016829267,1.0317558,21.084673,0.0006859867,0.8203076,0.022062335,19.87,18.352,0.050211456,0.0,0.0,0.0,0.0,1.6494069
2026-06-11 00:00:00+00:00,17.465714,17.395714,17.35065,62.207344,0.07591295,18.011265,16.780163,94.539246,0.39214298,0.0072544175,0.07248956,0.051252134,0.015870383,1.0403068,0.6689213,0.0040239547,0.58580744,0.021725362,22.22,19.584,0.11826867,0.0346,0.0,0.0,1.0,1.6132609
2026-06-12 00:00:00+00:00,17.572857,17.424286,17.33505,60.62718,0.113020845,18.106417,16.742155,90.93854,0.37142864,0.0011080586,0.07049766,0.034344614,0.015495888,1.0423968,3.7498808,0.008526659,0.6815925,0.020554977,19.44,20.392,-0.12511246,0.0,0.0,0.0,0.0,1.5250725
2026-06-15 00:00:00+00:00,17.76,17.469524,17.3218,60.62715,0.14639002,18.209915,16.729134,92.47643,0.3778572,0.0038738071,0.024280086,0.055264622,0.014955208,1.0472353,-2.0791154,0.016627561,0.7260941,0.020830045,17.68,19.626,-0.090534985,0.0,0.0,0.0,0.0,1.5398929
2026-06-16 00:00:00+00:00,17.955713,17.52,17.3093,62.92517,0.17964067,18.322296,16.717703,92.151146,0.38992867,0.006063981,0.039886083,0.061663724,0.0149596175,1.0543466,0.7178283,0.024869507,0.58400697,0.021365944,16.2,19.082,-0.08371038,0.002,0.0,0.0,1.0,1.5902563
2026-06-17 00:00:00+00:00,18.05857,17.582857,17.29875,62.67123,0.21800356,18.454113,16.711601,95.663956,0.37285724,0.00986303,0.028459834,0.07714785,0.01492562,1.0653949,2.0440505,0.027055552,0.5967995,0.020230982,16.41,18.39,0.012962906,0.0281,0.0,0.0,1.0,1.6961113
2026-06-18 00:00:00+00:00,18.124285,17.622381,17.28525,55.623116,0.21207131,18.492184,16.752579,72.117935,0.3982145,-0.022788934,-0.0022160115,0.048311986,0.01599985,1.0419289,-5.0040374,0.028481085,0.9514271,0.02211073,18.44,17.634,0.123705104,-0.0034,0.0,0.0,1.0,1.1702628
2026-06-22 00:00:00+00:00,18.152857,17.668571,17.27195,63.81579,0.21378174,18.536034,16.80111,78.01609,0.3935716,0.0061077517,0.0027670804,0.05655984,0.015990611,1.0490999,0.89061624,0.027409434,1.6021268,0.021720273,16.4,16.77,0.0,0.0,0.0,0.0,0.0,1.4040769
2026-06-23 00:00:00+00:00,18.125715,17.694286,17.259,57.894737,0.19194481,18.55029,16.838282,64.07506,0.40357155,-0.0143487975,-0.015435435,0.031177882,0.016319841,1.0348225,-4.7764916,0.024382368,1.374052,0.022596378,17.28,16.986,0.053658605,0.0,0.0,0.0,0.0,1.1221015
2026-06-24 00:00:00+00:00,18.174286,17.739523,17.24835,64.53333,0.21652327,18.642641,16.836407,93.565636,0.42142868,0.030795028,0.008767115,0.054410126,0.017482862,1.0673485,8.91022,0.024508093,0.6627199,0.02289128,19.49,17.602,0.12789346,0.0,0.0,0.0,0.0,1.7689466
2026-06-25 00:00:00+00:00,18.268572,17.8,17.24925,76.9863,0.26442346,18.808167,16.791834,96.43178,0.4177858,0.021184105,0.020075904,0.07244715,0.01794426,1.0899024,13.170507,0.026324239,2.1030595,0.022222636,18.63,17.64,-0.044125225,0.022,0.0,0.0,1.0,1.9643706
2026-06-26 00:00:00+00:00,18.37,17.869999,17.2519,77.65957,0.31170225,18.986118,16.753881,93.92518,0.40207154,0.008510631,0.05274841,0.08404799,0.017925283,1.0990094,19.764835,0.027979849,1.310532,0.021206295,18.89,18.138,0.013955998,0.0457,0.0,0.0,1.0,1.9138763
2026-06-29 00:00:00+00:00,18.47,17.938572,17.2532,72.90322,0.35875314,19.178333,16.698809,97.12637,0.35635716,0.008966249,0.055739418,0.08140184,0.017882138,1.1087798,8.369889,0.0296249,1.348949,0.018628176,18.41,18.539999,-0.025410246,0.0,0.0,0.0,0.0,1.944034
2026-06-30 00:00:00+00:00,18.621428,18.006666,17.2562,75.33334,0.38674173,19.331707,16.681625,93.67812,0.35778576,-0.0031364071,0.067749105,0.08106578,0.01788808,1.10511,-1.6529539,0.034140777,0.9649978,0.018761698,17.65,18.614,-0.041281924,0.0,0.0,0.0,0.0,1.7525642
2026-07-01 00:00:00+00:00,18.762857,18.09381,17.2575,72.28465,0.40745378,19.45825,16.729368,94.73686,0.34100002,0.0020975834,0.038022857,0.10590277,0.017013634,1.1073446,-5.374918,0.03697658,0.8327698,0.017844051,16.45,18.006,-0.067988604,0.0,0.0,0.0,0.0,1.7553613
2026-07-02 00:00:00+00:00,18.972857,18.188095,17.2592,73.188416,0.4365876,19.60913,16.76706,92.76731,0.3470715,0.011512261,0.028191527,0.114121005,0.017071916,1.1199824,0.2851921,0.04314698,0.83665127,0.017955061,16.59,17.598,0.008510601,0.0432,0.0,0.0,1.0,1.9261013
2026-07-06 00:00:00+00:00,19.175714,18.30762,17.2671,77.1605,0.4943239,19.83987,16.775366,98.01485,0.37064308,0.025866529,0.04588612,0.14491919,0.017559176,1.1484268,1.8271583,0.047417127,0.5420365,0.018691018,16.15,16.598,0.0,0.0,0.0,0.0,0.0,2.307136
2026-07-07 00:00:00+00:00,19.284285,18.437618,17.27425,70.639534,0.5123871,19.905214,16.970024,84.615326,0.39242882,-0.013615757,0.0224778,0.16221032,0.01635117,1.1323212,-1.6451207,0.04592058,1.1952397,0.020062814,15.57,16.182,-0.035913307,0.0382,0.0,0.0,1.0,1.7869892
2026-07-08 00:00:00+00:00,19.401428,18.575714,17.28145,71.5493,0.53824997,19.971745,17.179684,84.61545,0.41135734,0.011247506,0.037231307,0.17180105,0.016341107,1.1445799,-1.6391178,0.044451263,0.79078513,0.02079662,16.13,16.118,0.035966568,0.0,0.0,0.0,0.0,2.021644
2026-07-09 00:00:00+00:00,19.424286,18.650951,17.2874,61.139904,0.5132907,20.02109,17.280815,63.076996,0.42992878,-0.024772486,0.009419168,0.08921524,0.014858478,1.1158416,-16.020597,0.04146347,0.629588,0.022287639,16.9,16.18,0.047737166,0.0482,0.0,0.0,1.0,1.418727
2026-07-10 00:00:00+00:00,19.44,18.72857,17.2916,66.47887,0.47911128,20.019127,17.438017,58.241802,0.4099286,-0.0057024676,-0.007759939,0.09287756,0.014727495,1.1092091,-4.1606636,0.037986267,0.7195547,0.0213727,15.84,16.118,-0.06272186,0.0,0.0,0.0,0.0,1.454314
2026-07-13 00:00:00+00:00,19.492857,18.802856,17.30415,68.1818,0.47080413,20.077425,17.528288,71.42858,0.4152858,0.015641253,-0.017650044,0.087053545,0.014463728,1.1257415,-3.3674965,0.036696542,0.47451255,0.021318562,15.03,15.894,-0.05113639,0.0,0.0,0.0,0.0,1.8221455
2026-07-14 00:00:00+00:00,19.47857,18.859047,17.3141,68.3646,0.43898734,20.097755,17.62034,57.94393,0.44778565,-0.012833676,-0.016871162,0.06537398,0.014901105,1.1106554,7.2246966,0.032850206,1.8802645,0.023285775,17.16,16.212,0.14171657,-0.10735,0.0,0.0,4.0,1.4694692
2026-07-15 00:00:00+00:00,19.325714,18.891905,17.3236,54.794525,0.37156418,20.078203,17.705606,17.96414,0.4449286,-0.024440942,-0.05156726,0.038184866,0.016071128,1.0829158,-11.684342,0.022962714,0.90807927,0.023716861,16.5,16.286,-0.03846153,0.0,0.0,0.0,0.0,1.0684582
2026-07-16 00:00:00+00:00,19.202858,18.918571,17.33625,48.494,0.3097191,20.058138,17.779005,7.7419934,0.44321427,-0.0031982658,-0.030585803,0.03087108,0.016101966,1.0786647,-19.687803,0.0150268115,0.848504,0.023701284,15.67,16.04,-0.050303027,0.0,0.0,0.0,0.0,1.2074642
2026-07-17 00:00:00+00:00,19.094286,18.955238,17.34925,50.862087,0.28326246,20.053247,17.85723,28.387146,0.44999996,0.017112283,-0.008342015,0.042191807,0.016433151,1.0963011,-17.50251,0.007335583,0.7244972,0.02365929,16.73,16.218,0.06764515,0.0328,0.0,0.0,1.0,1.6094385
2026-07-20 00:00:00+00:00,19.05,18.981428,17.36245,47.7612,0.25611532,20.052732,17.910126,25.80644,0.4685714,-0.0021030975,-0.025667353,0.029842606,0.016357742,1.0931637,-7.033326,0.003612553,1.2989073,0.024687627,18.77,16.966,0.1219367,0.0,0.0,0.0,0.0,1.4771138
2026-07-21 00:00:00+00:00,19.027143,19.029524,17.3764,49.24926,0.23511843,20.003967,18.05508,28.387146,0.46107128,0.00210753,-0.01092039,0.05607997,0.015380168,1.094588,0.7552624,-0.00012511689,0.5665517,0.024241379,18.65,17.264,-0.006393225,0.0,0.0,0.0,0.0,1.5150399
2026-07-22 00:00:00+00:00,18.960001,19.071905,17.3922,48.484844,0.21519075,19.953167,18.190641,27.741968,0.4592856,-0.0005257744,0.013326226,0.04911696,0.015375104,1.0930188,-2.3772457,-0.0058675073,0.61041707,0.024160197,17.05,17.374,-0.08579091,0.0,0.0,0.0,0.0,1.4862316
2026-07-23 00:00:00+00:00,18.945715,19.132381,17.4092,46.87499,0.20669813,19.81663,18.448132,35.48384,0.44928566,0.006312411,0.022994567,0.07110854,0.0149037,1.0988443,-0.88621116,-0.009756569,0.47977182,0.023485908,16.64,17.567999,-0.024046913,0.0,0.0,0.0,0.0,1.6033283
2026-07-24 00:00:00+00:00,18.965714,19.155714,17.42465,34.12969,0.1793413,19.765913,18.545515,20.645151,0.43642834,-0.012022977,-0.006309192,0.026615957,0.013858122,1.0846703,-15.119572,-0.009918701,0.7564391,0.023091435,18.7,17.962,0.12379816,0.0293,0.0,0.0,1.0,1.3220704
2026-07-27 00:00:00+00:00,19.04857,19.178572,17.4426,45.39476,0.18617758,19.768429,18.588715,45.16136,0.42821407,0.020105878,0.015806172,0.025531992,0.013782728,1.1053399,-3.090085,-0.006778394,1.1477592,0.02221026,18.58,17.924,-0.006417157,0.0,0.0,0.0,0.0,1.7767268
2026-07-28 00:00:00+00:00,19.114286,19.203333,17.4589,45.033092,0.20536628,19.79829,18.608377,70.03889,0.40857124,0.010373385,0.02418502,0.027426185,0.013837396,1.1157633,-1.8418976,-0.004637096,1.1509343,0.020973872,18.67,17.928,0.0048439265,0.0,0.0,0.0,0.0,1.8419436
2026-07-29 00:00:00+00:00,19.224285,19.232857,17.47725,58.21427,0.2395983,19.872393,18.593323,79.80903,0.41185692,0.013860393,0.03892687,0.032409873,0.014011662,1.1300405,24.084581,-0.00044567115,1.0862833,0.020853505,18.21,18.16,-0.024638511,0.0,0.0,0.0,0.0,1.9935464
2026-07-30 00:00:00+00:00,19.334286,19.267143,17.492,61.172173,0.26687875,19.946,18.588287,82.537605,0.43292835,0.0020253628,0.03450088,0.0377557,0.013969381,1.1313744,15.777416,0.0034848303,1.4705694,0.021876104,20.66,18.964,0.13454151,0.1088,0.0,0.0,1.0,1.8807995
2026-07-31 00:00:00+00:00,19.377142,19.276667,17.5053,47.079037,0.24692027,19.951866,18.601467,49.795345,0.45007133,-0.024254747,0.021693114,0.010465665,0.01508591,1.1030945,2.045947,0.005212311,0.8872514,0.02330767,17.09,18.642,-0.17279766,0.3511,0.0,0.0,1.0,1.3255515
2026-08-03 00:00:00+00:00,19.392857,19.27238,17.5204,50.183155,0.22288536,19.9473,18.597462,45.020466,0.41899994,-0.003625049,-0.0020747362,-0.0046559833,0.014899149,1.0981485,-8.031117,0.006251229,1.2012702,0.021777533,15.99,18.124,-0.06436515,-0.5001,0.0,1.0,0.0,1.406577
2026-08-04 00:00:00+00:00,19.408571,19.233334,17.5347,55.020077,0.18316703,19.866337,18.60033,29.331543,0.44542843,-0.011954239,-0.024127275,-0.04135147,0.013850281,1.084136,-6.152097,0.009111162,1.8095783,0.023431256,15.86,17.562,-0.008130088,0.0,0.0,0.0,0.0,1.2338607
2026-08-05 00:00:00+00:00,19.447144,19.232857,17.55115,64.30973,0.19303815,19.864843,18.600872,63.55619,0.47971424,0.02840605,-0.0101266205,-0.00051125913,0.015058504,1.1138871,17.230694,0.011141632,1.1918162,0.024537802,16.5,17.22,0.040353112,0.0,0.0,0.0,0.0,1.8834563
2026-08-06 00:00:00+00:00,19.474285,19.22762,17.578949,61.732834,0.20814478,19.84214,18.613098,72.3733,0.4943571,0.0061381506,-0.0060637104,-0.0055612037,0.014909651,1.1189519,11.549681,0.012828757,1.5772682,0.02513253,15.81,16.25,-0.041818157,0.0,0.0,0.0,0.0,1.8222234
2026-08-07 00:00:00+00:00,19.392857,19.222382,17.5984,53.105602,0.17852016,19.836544,18.608217,36.370377,0.50721425,-0.02491102,-0.00673222,-0.0057024676,0.014921112,1.0898719,-1.9144762,0.008868625,1.1866456,0.026444944,15.15,15.8619995,-0.041745782,0.0338,0.0,0.0,1.0,1.237033
2026-08-10 00:00:00+00:00,19.312857,19.224762,17.61975,53.25076,0.1572641,19.838623,18.6109,40.04409,0.52292866,0.0026068424,-0.0005197624,0.0026068424,0.014877068,1.091389,-11.058972,0.004582373,0.6635943,0.027193364,14.9,15.644,-0.01650165,0.0,0.0,0.0,0.0,1.4444265
2026-08-11 00:00:00+00:00,19.272858,19.203333,17.64025,50.292404,0.12286398,19.81116,18.595507,25.349096,0.53007156,-0.010400357,0.001052102,-0.023100559,0.014611163,1.0787829,-11.440431,0.003620399,1.2241243,0.027854506,15.46,15.564,0.03758392,0.026,0.0,0.0,4.0,1.2596378
2026-08-12 00:00:00+00:00,19.245714,19.194761,17.65955,48.79518,0.09610749,19.806076,18.583448,26.818499,0.52971447,0.0010508959,-0.025575448,-0.009360391,0.014361416,1.0787364,-4.3104196,0.0026544873,0.6223816,0.027806519,15.28,15.32,-0.011642969,0.0,0.0,0.0,0.0,1.368135
2026-08-13 00:00:00+00:00,19.241428,19.205238,17.679,51.265823,0.06846516,19.79232,18.618156,23.638964,0.533286,-0.0036745248,-0.035078827,0.0117270425,0.013294968,1.0735902,-1.9849379,0.0018843967,0.54681426,0.028097244,14.55,15.068,-0.04777484,0.5799,4.0,0.0,0.0,1.3181803
2026-08-14 00:00:00+00:00,19.19143,19.229048,17.7,48.666668,0.06357779,19.768711,18.689384,39.398365,0.5229288,0.011591213,0.0010427767,0.026737968,0.013472045,1.0847458,-1.6257374,-0.001956362,0.842883,0.027235858,14.63,14.964,0.0054982766,0.0,0.0,0.0,0.0,1.5784057
2026-08-17 00:00:00+00:00,19.124287,19.23762,17.7206,45.00002,0.059024125,19.768991,18.706247,39.398365,0.51471454,0.0,-0.001559999,0.009463739,0.012979088,1.0834848,-3.7951605,-0.0058912253,0.53767395,0.026808033,14.25,14.834,-0.025974033,0.0,0.0,0.0,0.0,1.5064524
2026-08-18 00:00:00+00:00,19.068571,19.22857,17.742,33.673477,0.022077257,19.784279,18.672863,12.069078,0.50750023,-0.021354157,-0.012611654,-0.010010465,0.013826472,1.0590689,-17.592344,-0.008320939,1.3943911,0.027009044,15.19,14.78,0.065964885,0.0382,0.0,0.0,1.0,1.0795718
2026-08-19 00:00:00+00:00,19.007143,19.218096,17.76445,32.98964,-0.0063237255,19.798082,18.63811,13.345156,0.4903574,0.00053210865,-0.01312336,-0.011566835,0.013816526,1.0582933,-15.677029,-0.010976744,1.2329514,0.026082827,15.84,14.892,0.042791348,0.0,0.0,0.0,0.0,1.245847
2026-08-20 00:00:00+00:00,19.02143,19.22381,17.7889,46.739117,-0.002178362,19.797516,18.650103,45.71419,0.46821445,0.017553188,0.007903036,0.006312411,0.014364779,1.0753896,1.739098,-0.0105276145,1.643874,0.02447539,14.89,14.96,-0.059974734,0.0,0.0,0.0,0.0,1.6163602
2026-08-21 00:00:00+00:00,19.004286,19.214285,17.8117,44.636677,-0.01486007,19.801025,18.627546,26.666702,0.46107155,-0.010454724,-0.014062523,-0.010454724,0.0144850835,1.0627846,10.963199,-0.010929357,0.79834706,0.024356646,16.01,15.236,0.07521826,0.05795,0.0,0.0,2.0,1.3060335
2026-08-24 00:00:00+00:00,19.015715,19.221905,17.8263,50.896046,-0.014256232,19.795511,18.648298,39.04756,0.41678578,0.0068673617,-0.0072917338,0.0084656,0.01431275,1.0692067,17.906406,-0.010726838,0.62300384,0.02186703,15.13,15.412,-0.054965653,0.0658,0.0,0.0,4.0,1.490177
2026-08-25 00:00:00+00:00,19.04857,19.229048,17.8436,47.709938,0.015895061,19.80939,18.648706,74.2857,0.38642856,0.019412426,0.034060635,0.007780063,0.014265976,1.0889058,0.9708214,-0.009385595,0.7473521,0.019888232,15.85,15.544001,0.047587592,-0.21005,0.0,1.0,1.0,1.8206666
2026-08-26 00:00:00+00:00,19.067142,19.221905,17.8591,43.46152,0.03135949,19.79289,18.650919,64.76186,0.36142868,-0.0051467,0.028191527,-0.0077001858,0.014128414,1.0823613,-1.1751536,-0.008051331,0.9460689,0.0186978,15.45,15.466001,-0.025236629,0.13275,0.0,0.0,4.0,1.5632921
2026-08-27 00:00:00+00:00,19.12857,19.196667,17.8729,50.90088,0.034343146,19.713942,18.679392,62.63734,0.33071437,-0.005690668,0.0047046607,-0.026835477,0.013790649,1.075371,0.0048345514,-0.0035472559,1.1815444,0.017206775,15.21,15.53,-0.015533966,0.07485,0.0,0.0,4.0,1.4445689
2026-08-28 00:00:00+00:00,19.185715,19.168571,17.8845,49.315094,0.034694064,19.608856,18.728287,60.439697,0.32071427,-0.0010405073,0.014263098,-0.029813044,0.013770968,1.0735554,1.605155,0.0008943174,0.6881569,0.016703859,14.51,15.2300005,-0.04602234,0.0,0.0,0.0,0.0,1.4542673
2026-08-31 00:00:00+00:00,19.19143,19.161905,17.8965,53.465336,0.032180414,19.59741,18.7264,57.142918,0.315,-0.0015625356,0.0057712807,-0.007250098,0.012735157,1.0711591,10.003815,0.0015407568,0.5695077,0.016431917,14.43,15.09,-0.005513434,0.0,0.0,0.0,0.0,1.4346913
2026-09-01 00:00:00+00:00,19.184286,19.144762,17.907299,46.288208,0.006710321,19.595434,18.69409,25.27468,0.32392842,-0.015127852,-0.0283068,-0.018711051,0.013128021,1.0543185,-4.612674,0.002064465,1.3225256,0.017157217,14.92,14.904,0.033957016,0.0,0.0,0.0,0.0,1.157844
2026-09-02 00:00:00+00:00,19.14,19.132381,17.9177,45.106388,-0.023691652,19.61196,18.652802,4.705988,0.31749997,-0.006885549,-0.03000517,-0.013677024,0.012958521,1.0464513,-4.2087054,0.0003982273,1.0674713,0.016933324,16.34,15.082,0.09517427,0.0,0.0,0.0,0.0,1.1466923
2026-09-03 00:00:00+00:00,19.097143,19.112381,17.9295,48.605545,-0.01692755,19.552195,18.672567,49.41175,0.32357135,0.020266622,-0.0046826303,-0.02148338,0.0121444855,1.0669566,-4.859793,-0.0007972976,0.99848443,0.016914332,15.2,15.08,-0.06976746,0.0914,0.0,0.0,1.0,1.6140919
2026-09-04 00:00:00+00:00,19.042856,19.078094,17.94095,45.35315,-0.025793977,19.440842,18.71535,28.23548,0.33535698,-0.009409222,-0.013020833,-0.03660393,0.012163804,1.056243,-0.93505543,-0.0018470479,0.9580034,0.017696928,14.32,15.042,-0.057894744,0.0,0.0,0.0,0.0,1.3160627
2026-09-08 00:00:00+00:00,18.974285,19.057142,17.95345,48.99596,-0.049198877,19.44512,18.669167,5.747046,0.3228569,-0.011081846,-0.022430897,-0.022940591,0.011179053,1.0438105,3.8895698,-0.004347823,1.342128,0.017228214,15.3,15.138,0.052993838,0.0733,0.0,0.0,4.0,1.1522646
2026-09-09 00:00:00+00:00,18.858572,19.017143,17.96425,42.75618,-0.09489564,19.493425,18.54086,0.8474768,0.32535702,-0.018676648,-0.025953379,-0.043681756,0.01178004,1.0236998,-5.8493624,-0.008338346,0.8299178,0.017692054,15.72,15.014,0.027450984,0.09777,0.0,0.0,10.0,0.89687455
2026-09-10 00:00:00+00:00,18.655714,18.95619,17.9727,28.025473,-0.18067059,19.685806,18.226574,4.2328014,0.34928554,-0.03480149,-0.053333335,-0.067262255,0.013692231,0.98760897,-17.327677,-0.015851086,1.2165294,0.019678047,16.46,15.266,0.047073714,0.0,0.0,0.0,0.0,0.42752478
2026-09-11 00:00:00+00:00,18.5,18.89619,17.9809,30.87249,-0.24262331,19.783579,18.008802,6.3492527,0.3425714,0.0022535727,-0.07004696,-0.06614165,0.013713489,0.9893832,-18.123468,-0.020966673,2.8240974,0.01925639,17.84,15.97,0.08383968,0.07655,0.0,0.0,2.0,0.7824836
2026-09-14 00:00:00+00:00,18.36143,18.839048,17.9866,27.622404,-0.28919455,19.849749,17.828346,9.183693,0.34792858,-0.0005621264,-0.061741427,-0.06322439,0.013724502,0.9885137,-15.133778,-0.025352595,1.9404708,0.019568525,15.84,16.232,-0.11210762,0.0,0.0,0.0,0.0,0.8669371
2026-09-15 00:00:00+00:00,18.187143,18.777618,17.99235,20.992346,-0.31201604,19.851042,17.704197,16.57752,0.34221432,0.007311539,-0.044290286,-0.06718755,0.013527125,0.9954231,-7.033128,-0.031445716,1.5746173,0.019107433,17.1,16.592,0.07954547,0.0,0.0,0.0,0.0,1.0598054
2026-09-16 00:00:00+00:00,18.04,18.716667,17.9968,22.134377,-0.32554266,19.83383,17.599504,17.112293,0.3408571,0.0005583601,-0.025557332,-0.0666667,0.013534315,0.9957326,-8.738113,-0.036153134,1.9853948,0.019021032,17.2,16.888,0.0058479756,0.0279,0.0,0.0,2.0,1.0597926
2026-09-17 00:00:00+00:00,17.91,18.670952,17.99985,22.310751,-0.33961004,19.852238,17.489666,12.849144,0.3433571,-0.0050223297,0.004507038,-0.051091056,0.012892535,0.9905638,-5.311653,-0.040755916,0.8546516,0.019257257,17.71,17.138,0.029651064,0.0947,0.0,0.0,1.0,0.9813611
2026-09-18 00:00:00+00:00,17.835714,18.626667,18.002449,23.715424,-0.34357032,19.85637,17.396963,15.083833,0.3472857,0.0022434613,0.0044969036,-0.049468003,0.012917477,0.9926427,2.7230778,-0.042463403,0.8900179,0.019433994,15.44,16.658,-0.12817615,0.0061,0.0,0.0,1.0,1.0723264
